date,max_temp_C,min_temp_C,avg_temp_C,utc_time,local_time,temperature,feels_like,precip_mm,humidity,visibility,pressure,cloud_cover,wind_speed
2024-02-01,29,18,22,00:00,2024-02-01 07:00,18,18,0.2,92,9,1014,76,4
2024-02-01,29,18,22,03:00,2024-02-01 10:00,18,18,0.0,92,10,1013,27,5
2024-02-01,29,18,22,06:00,2024-02-01 13:00,18,18,0.0,90,10,1014,40,3
2024-02-01,29,18,22,09:00,2024-02-01 16:00,27,29,0.2,71,9,1014,74,2
2024-02-01,29,18,22,12:00,2024-02-01 19:00,28,32,1.0,75,10,1012,59,3
2024-02-01,29,18,22,15:00,2024-02-01 22:00,26,29,0.9,88,10,1011,93,2
2024-02-01,29,18,22,18:00,2024-02-02 01:00,24,26,3.9,96,7,1012,61,5
2024-02-01,29,18,22,21:00,2024-02-02 04:00,19,19,0.2,93,2,1015,81,5
2024-02-02,28,19,23,00:00,2024-02-02 07:00,21,21,0.8,93,10,1013,53,0
2024-02-02,28,19,23,03:00,2024-02-02 10:00,21,21,0.3,93,9,1012,72,3
2024-02-02,28,19,23,06:00,2024-02-02 13:00,20,20,0.0,90,10,1013,70,2
2024-02-02,28,19,23,09:00,2024-02-02 16:00,27,30,0.4,78,5,1014,74,1
2024-02-02,28,19,23,12:00,2024-02-02 19:00,28,31,1.3,79,10,1012,74,3
2024-02-02,28,19,23,15:00,2024-02-02 22:00,26,30,1.8,86,10,1010,70,1
2024-02-02,28,19,23,18:00,2024-02-03 01:00,24,27,1.2,94,10,1011,70,4
2024-02-02,28,19,23,21:00,2024-02-03 04:00,20,20,0.7,95,10,1014,59,1
2024-02-03,28,18,22,00:00,2024-02-03 07:00,19,19,0.0,91,10,1012,83,1
2024-02-03,28,18,22,03:00,2024-02-03 10:00,19,19,0.3,93,5,1011,75,4
2024-02-03,28,18,22,06:00,2024-02-03 13:00,19,19,0.0,92,10,1012,30,4
2024-02-03,28,18,22,09:00,2024-02-03 16:00,27,30,0.4,78,9,1013,81,3
2024-02-03,28,18,22,12:00,2024-02-03 19:00,28,32,1.1,80,10,1011,52,2
2024-02-03,28,18,22,15:00,2024-02-03 22:00,25,28,1.9,89,10,1010,57,2
2024-02-03,28,18,22,18:00,2024-02-04 01:00,24,26,9.3,95,3,1011,78,3
2024-02-03,28,18,22,21:00,2024-02-04 04:00,18,18,0.8,96,10,1014,79,2
2024-02-04,28,18,22,00:00,2024-02-04 07:00,18,18,0.2,95,10,1012,62,3
2024-02-04,28,18,22,03:00,2024-02-04 10:00,18,18,0.4,95,10,1011,60,4
2024-02-04,28,18,22,06:00,2024-02-04 13:00,18,18,0.0,94,10,1012,89,4
2024-02-04,28,18,22,09:00,2024-02-04 16:00,25,27,0.7,79,10,1013,79,4
2024-02-04,28,18,22,12:00,2024-02-04 19:00,26,29,1.4,89,10,1012,74,2
2024-02-04,28,18,22,15:00,2024-02-04 22:00,25,27,9.2,92,5,1010,76,4
2024-02-04,28,18,22,18:00,2024-02-05 01:00,23,25,2.8,96,7,1012,72,7
2024-02-04,28,18,22,21:00,2024-02-05 04:00,21,21,0.0,94,2,1015,51,4
2024-02-05,28,21,24,00:00,2024-02-05 07:00,22,25,0.1,95,2,1014,62,5
2024-02-05,28,21,24,03:00,2024-02-05 10:00,21,21,0.0,94,10,1013,38,5
2024-02-05,28,21,24,06:00,2024-02-05 13:00,22,25,0.0,94,10,1014,44,6
2024-02-05,28,21,24,09:00,2024-02-05 16:00,27,29,0.0,77,10,1014,85,4
2024-02-05,28,21,24,12:00,2024-02-05 19:00,28,31,0.6,72,9,1012,78,4
2024-02-05,28,21,24,15:00,2024-02-05 22:00,26,29,1.2,86,10,1011,56,6
2024-02-05,28,21,24,18:00,2024-02-06 01:00,24,26,1.4,95,10,1013,56,5
2024-02-05,28,21,24,21:00,2024-02-06 04:00,22,22,0.0,94,2,1015,78,4
2024-02-06,30,20,24,00:00,2024-02-06 07:00,22,22,0.0,94,10,1014,71,6
2024-02-06,30,20,24,03:00,2024-02-06 10:00,22,22,0.0,94,2,1013,83,6
2024-02-06,30,20,24,06:00,2024-02-06 13:00,20,20,0.0,94,10,1014,34,5
2024-02-06,30,20,24,09:00,2024-02-06 16:00,28,30,0.0,72,10,1014,10,5
2024-02-06,30,20,24,12:00,2024-02-06 19:00,29,33,0.8,68,9,1012,71,4
2024-02-06,30,20,24,15:00,2024-02-06 22:00,28,31,0.6,76,10,1011,62,5
2024-02-06,30,20,24,18:00,2024-02-07 01:00,24,27,0.3,93,9,1013,89,5
2024-02-06,30,20,24,21:00,2024-02-07 04:00,22,22,0.0,93,10,1015,55,3
2024-02-07,29,19,23,00:00,2024-02-07 07:00,21,21,0.0,95,2,1013,87,4
2024-02-07,29,19,23,03:00,2024-02-07 10:00,20,20,0.0,94,2,1012,36,5
2024-02-07,29,19,23,06:00,2024-02-07 13:00,20,20,0.0,92,10,1013,28,4
2024-02-07,29,19,23,09:00,2024-02-07 16:00,27,30,0.1,74,10,1013,78,4
2024-02-07,29,19,23,12:00,2024-02-07 19:00,29,32,1.2,70,10,1011,51,1
2024-02-07,29,19,23,15:00,2024-02-07 22:00,26,30,1.1,83,10,1011,88,3
2024-02-07,29,19,23,18:00,2024-02-08 01:00,24,26,0.2,93,10,1012,51,4
2024-02-07,29,19,23,21:00,2024-02-08 04:00,20,20,0.1,94,10,1014,81,3
2024-02-08,26,19,22,00:00,2024-02-08 07:00,20,20,0.3,94,10,1012,54,4
2024-02-08,26,19,22,03:00,2024-02-08 10:00,20,20,0.5,95,10,1011,53,5
2024-02-08,26,19,22,06:00,2024-02-08 13:00,20,20,0.1,93,10,1013,82,5
2024-02-08,26,19,22,09:00,2024-02-08 16:00,25,28,0.7,86,10,1013,58,4
2024-02-08,26,19,22,12:00,2024-02-08 19:00,26,29,1.0,85,10,1011,74,1
2024-02-08,26,19,22,15:00,2024-02-08 22:00,24,27,1.3,93,10,1010,72,4
2024-02-08,26,19,22,18:00,2024-02-09 01:00,24,26,0.5,95,10,1011,54,4
2024-02-08,26,19,22,21:00,2024-02-09 04:00,21,21,0.0,94,10,1013,48,4
2024-02-09,29,17,22,00:00,2024-02-09 07:00,18,18,0.1,94,10,1013,74,4
2024-02-09,29,17,22,03:00,2024-02-09 10:00,18,18,0.0,93,10,1012,76,6
2024-02-09,29,17,22,06:00,2024-02-09 13:00,18,18,0.0,92,10,1013,27,7
2024-02-09,29,17,22,09:00,2024-02-09 16:00,27,29,0.0,71,10,1013,78,2
2024-02-09,29,17,22,12:00,2024-02-09 19:00,29,33,0.8,67,9,1011,80,2
2024-02-09,29,17,22,15:00,2024-02-09 22:00,26,29,1.1,85,10,1010,72,1
2024-02-09,29,17,22,18:00,2024-02-10 01:00,24,26,2.0,94,10,1012,75,4
2024-02-09,29,17,22,21:00,2024-02-10 04:00,19,19,6.0,94,8,1014,57,2
2024-02-10,28,18,22,00:00,2024-02-10 07:00,18,18,0.0,93,10,1013,76,1
2024-02-10,28,18,22,03:00,2024-02-10 10:00,18,18,0.2,93,9,1013,82,3
2024-02-10,28,18,22,06:00,2024-02-10 13:00,18,18,0.0,92,10,1013,22,3
2024-02-10,28,18,22,09:00,2024-02-10 16:00,27,29,0.3,73,9,1014,89,1
2024-02-10,28,18,22,12:00,2024-02-10 19:00,27,30,1.3,83,10,1012,77,3
2024-02-10,28,18,22,15:00,2024-02-10 22:00,25,28,8.2,90,6,1011,51,1
2024-02-10,28,18,22,18:00,2024-02-11 01:00,24,26,0.8,93,9,1012,74,1
2024-02-10,28,18,22,21:00,2024-02-11 04:00,18,18,0.1,92,10,1014,78,3
2024-02-11,28,17,21,00:00,2024-02-11 07:00,18,18,0.4,95,10,1013,57,5
2024-02-11,28,17,21,03:00,2024-02-11 10:00,18,18,2.0,96,9,1012,72,4
2024-02-11,28,17,21,06:00,2024-02-11 13:00,17,17,0.5,95,10,1014,50,4
2024-02-11,28,17,21,09:00,2024-02-11 16:00,22,25,0.2,90,5,1015,74,3
2024-02-11,28,17,21,12:00,2024-02-11 19:00,25,27,0.1,86,10,1013,77,1
2024-02-11,28,17,21,15:00,2024-02-11 22:00,28,30,0.2,71,9,1011,70,1
2024-02-11,28,17,21,18:00,2024-02-12 01:00,24,26,0.4,93,9,1013,71,3
2024-02-11,28,17,21,21:00,2024-02-12 04:00,18,18,0.0,94,10,1014,83,4
2024-02-12,29,17,22,00:00,2024-02-12 07:00,18,18,0.0,93,10,1014,35,4
2024-02-12,29,17,22,03:00,2024-02-12 10:00,17,17,0.0,94,10,1013,51,5
2024-02-12,29,17,22,06:00,2024-02-12 13:00,18,18,0.0,93,10,1013,36,5
2024-02-12,29,17,22,09:00,2024-02-12 16:00,26,28,0.0,73,10,1014,84,3
2024-02-12,29,17,22,12:00,2024-02-12 19:00,29,32,0.6,69,9,1012,87,2
2024-02-12,29,17,22,15:00,2024-02-12 22:00,26,29,1.6,85,10,1011,71,2
2024-02-12,29,17,22,18:00,2024-02-13 01:00,24,26,4.4,95,7,1013,74,3
2024-02-12,29,17,22,21:00,2024-02-13 04:00,18,18,0.2,94,9,1015,89,2
2024-02-13,28,18,23,00:00,2024-02-13 07:00,18,18,0.0,93,10,1014,34,3
2024-02-13,28,18,23,03:00,2024-02-13 10:00,18,18,0.0,93,10,1013,30,3
2024-02-13,28,18,23,06:00,2024-02-13 13:00,18,18,0.0,92,10,1014,28,3
2024-02-13,28,18,23,09:00,2024-02-13 16:00,27,30,0.2,74,9,1014,77,2
2024-02-13,28,18,23,12:00,2024-02-13 19:00,28,31,0.9,77,10,1012,79,3
2024-02-13,28,18,23,15:00,2024-02-13 22:00,26,29,1.4,87,10,1011,56,2
2024-02-13,28,18,23,18:00,2024-02-14 01:00,24,27,4.3,93,7,1012,76,2
2024-02-13,28,18,23,21:00,2024-02-14 04:00,21,21,0.0,92,10,1015,77,2
2024-02-14,29,18,24,00:00,2024-02-14 07:00,19,19,0.3,94,9,1013,86,0
2024-02-14,29,18,24,03:00,2024-02-14 10:00,20,20,0.0,94,10,1012,39,0
2024-02-14,29,18,24,06:00,2024-02-14 13:00,23,25,0.0,92,10,1013,24,1
2024-02-14,29,18,24,09:00,2024-02-14 16:00,29,32,0.2,70,9,1014,70,2
2024-02-14,29,18,24,12:00,2024-02-14 19:00,27,31,1.0,82,10,1012,75,5
2024-02-14,29,18,24,15:00,2024-02-14 22:00,26,30,2.1,87,10,1010,65,5
2024-02-14,29,18,24,18:00,2024-02-15 01:00,24,27,0.9,93,10,1012,73,2
2024-02-14,29,18,24,21:00,2024-02-15 04:00,24,26,0.0,93,10,1014,30,1
2024-02-15,30,21,25,00:00,2024-02-15 07:00,23,26,0.1,96,10,1013,60,0
2024-02-15,30,21,25,03:00,2024-02-15 10:00,22,22,0.0,95,2,1012,43,1
2024-02-15,30,21,25,06:00,2024-02-15 13:00,22,22,0.0,93,10,1013,24,1
2024-02-15,30,21,25,09:00,2024-02-15 16:00,29,32,0.1,72,10,1014,79,1
2024-02-15,30,21,25,12:00,2024-02-15 19:00,30,35,0.4,69,9,1011,76,4
2024-02-15,30,21,25,15:00,2024-02-15 22:00,27,31,0.8,83,10,1010,77,1
2024-02-15,30,21,25,18:00,2024-02-16 01:00,25,28,0.3,92,10,1012,60,1
2024-02-15,30,21,25,21:00,2024-02-16 04:00,23,26,0.1,93,10,1014,74,2
2024-02-16,30,19,23,00:00,2024-02-16 07:00,21,21,0.0,95,2,1012,42,1
2024-02-16,30,19,23,03:00,2024-02-16 10:00,19,19,0.0,94,2,1011,73,2
2024-02-16,30,19,23,06:00,2024-02-16 13:00,19,19,0.0,92,10,1013,22,2
2024-02-16,30,19,23,09:00,2024-02-16 16:00,29,32,0.0,68,10,1013,73,0
2024-02-16,30,19,23,12:00,2024-02-16 19:00,30,34,0.5,67,10,1010,50,3
2024-02-16,30,19,23,15:00,2024-02-16 22:00,28,32,0.9,80,10,1009,59,1
2024-02-16,30,19,23,18:00,2024-02-17 01:00,25,28,0.1,93,10,1011,50,1
2024-02-16,30,19,23,21:00,2024-02-17 04:00,19,19,0.2,94,10,1013,54,0
2024-02-17,30,19,23,00:00,2024-02-17 07:00,20,20,0.1,94,2,1012,53,3
2024-02-17,30,19,23,03:00,2024-02-17 10:00,19,19,0.0,93,10,1012,35,2
2024-02-17,30,19,23,06:00,2024-02-17 13:00,19,19,0.0,92,10,1012,18,3
2024-02-17,30,19,23,09:00,2024-02-17 16:00,28,31,0.0,69,10,1012,88,1
2024-02-17,30,19,23,12:00,2024-02-17 19:00,30,34,0.8,68,10,1010,55,4
2024-02-17,30,19,23,15:00,2024-02-17 22:00,28,32,0.5,79,9,1009,75,5
2024-02-17,30,19,23,18:00,2024-02-18 01:00,24,27,0.1,91,10,1011,58,2
2024-02-17,30,19,23,21:00,2024-02-18 04:00,20,20,0.0,93,10,1013,51,0
2024-02-18,30,18,23,00:00,2024-02-18 07:00,19,19,0.0,93,10,1012,36,3
2024-02-18,30,18,23,03:00,2024-02-18 10:00,18,18,0.0,93,10,1012,24,4
2024-02-18,30,18,23,06:00,2024-02-18 13:00,18,18,0.0,92,10,1013,16,4
2024-02-18,30,18,23,09:00,2024-02-18 16:00,28,30,0.0,67,10,1013,9,1
2024-02-18,30,18,23,12:00,2024-02-18 19:00,30,34,0.5,64,9,1011,81,2
2024-02-18,30,18,23,15:00,2024-02-18 22:00,27,31,1.2,84,10,1010,58,1
2024-02-18,30,18,23,18:00,2024-02-19 01:00,25,27,0.9,92,10,1012,87,2
2024-02-18,30,18,23,21:00,2024-02-19 04:00,19,19,0.1,93,10,1014,70,1
2024-02-19,30,18,23,00:00,2024-02-19 07:00,18,18,0.0,91,10,1012,18,3
2024-02-19,30,18,23,03:00,2024-02-19 10:00,18,18,0.0,92,10,1012,25,3
2024-02-19,30,18,23,06:00,2024-02-19 13:00,18,18,0.0,91,10,1014,14,2
2024-02-19,30,18,23,09:00,2024-02-19 16:00,28,31,0.0,67,10,1014,84,4
2024-02-19,30,18,23,12:00,2024-02-19 19:00,30,34,0.3,66,9,1011,79,6
2024-02-19,30,18,23,15:00,2024-02-19 22:00,29,32,0.6,73,9,1010,73,6
2024-02-19,30,18,23,18:00,2024-02-20 01:00,25,28,0.8,90,9,1012,83,1
2024-02-19,30,18,23,21:00,2024-02-20 04:00,19,19,0.4,92,10,1014,53,1
2024-02-20,31,19,23,00:00,2024-02-20 07:00,19,19,1.2,93,10,1013,55,1
2024-02-20,31,19,23,03:00,2024-02-20 10:00,19,19,1.6,94,10,1012,66,3
2024-02-20,31,19,23,06:00,2024-02-20 13:00,19,19,0.5,93,9,1013,79,1
2024-02-20,31,19,23,09:00,2024-02-20 16:00,27,31,0.0,78,10,1013,89,2
2024-02-20,31,19,23,12:00,2024-02-20 19:00,30,35,1.5,71,9,1010,89,4
2024-02-20,31,19,23,15:00,2024-02-20 22:00,28,32,1.0,84,10,1009,59,4
2024-02-20,31,19,23,18:00,2024-02-21 01:00,25,28,0.0,92,10,1011,58,2
2024-02-20,31,19,23,21:00,2024-02-21 04:00,20,20,0.0,93,10,1012,89,4
2024-02-21,30,19,24,00:00,2024-02-21 07:00,20,20,0.0,93,10,1012,74,4
2024-02-21,30,19,24,03:00,2024-02-21 10:00,19,19,0.0,93,10,1011,23,4
2024-02-21,30,19,24,06:00,2024-02-21 13:00,19,19,0.0,92,10,1012,18,4
2024-02-21,30,19,24,09:00,2024-02-21 16:00,27,30,0.0,71,10,1012,78,1
2024-02-21,30,19,24,12:00,2024-02-21 19:00,30,35,0.7,71,9,1010,86,3
2024-02-21,30,19,24,15:00,2024-02-21 22:00,28,33,0.8,78,10,1008,51,3
2024-02-21,30,19,24,18:00,2024-02-22 01:00,25,28,0.6,92,9,1010,75,2
2024-02-21,30,19,24,21:00,2024-02-22 04:00,23,25,0.0,94,10,1013,81,3
2024-02-22,31,21,25,00:00,2024-02-22 07:00,24,26,0.0,94,10,1012,81,3
2024-02-22,31,21,25,03:00,2024-02-22 10:00,22,22,0.0,94,10,1011,78,4
2024-02-22,31,21,25,06:00,2024-02-22 13:00,21,21,0.0,92,10,1012,80,3
2024-02-22,31,21,25,09:00,2024-02-22 16:00,29,33,0.0,69,10,1012,13,2
2024-02-22,31,21,25,12:00,2024-02-22 19:00,30,35,0.5,68,9,1010,89,5
2024-02-22,31,21,25,15:00,2024-02-22 22:00,28,33,1.2,79,10,1008,74,4
2024-02-22,31,21,25,18:00,2024-02-23 01:00,25,28,0.1,92,10,1010,70,3
2024-02-22,31,21,25,21:00,2024-02-23 04:00,23,26,0.1,94,10,1013,67,3
2024-02-23,29,19,24,00:00,2024-02-23 07:00,24,27,0.1,95,2,1011,72,3
2024-02-23,29,19,24,03:00,2024-02-23 10:00,23,26,0.4,95,10,1011,64,3
2024-02-23,29,19,24,06:00,2024-02-23 13:00,22,25,0.0,93,10,1012,47,0
2024-02-23,29,19,24,09:00,2024-02-23 16:00,27,31,0.2,82,9,1013,81,4
2024-02-23,29,19,24,12:00,2024-02-23 19:00,29,33,0.7,73,9,1010,84,8
2024-02-23,29,19,24,15:00,2024-02-23 22:00,27,30,1.0,83,10,1010,56,7
2024-02-23,29,19,24,18:00,2024-02-24 01:00,24,26,0.8,95,10,1012,77,6
2024-02-23,29,19,24,21:00,2024-02-24 04:00,19,19,1.5,97,10,1014,93,5
2024-02-24,29,18,23,00:00,2024-02-24 07:00,19,19,0.0,93,10,1012,36,2
2024-02-24,29,18,23,03:00,2024-02-24 10:00,18,18,0.0,90,10,1011,77,1
2024-02-24,29,18,23,06:00,2024-02-24 13:00,19,19,0.0,88,10,1012,47,1
2024-02-24,29,18,23,09:00,2024-02-24 16:00,28,32,1.1,74,9,1013,76,3
2024-02-24,29,18,23,12:00,2024-02-24 19:00,29,33,1.8,77,9,1011,81,8
2024-02-24,29,18,23,15:00,2024-02-24 22:00,28,32,1.1,78,9,1009,80,5
2024-02-24,29,18,23,18:00,2024-02-25 01:00,25,28,0.0,89,10,1011,74,2
2024-02-24,29,18,23,21:00,2024-02-25 04:00,20,20,0.0,91,10,1013,30,3
2024-02-25,30,20,24,00:00,2024-02-25 07:00,23,25,1.2,94,10,1012,81,4
2024-02-25,30,20,24,03:00,2024-02-25 10:00,20,20,0.3,93,9,1010,77,3
2024-02-25,30,20,24,06:00,2024-02-25 13:00,23,25,0.7,93,9,1012,79,1
2024-02-25,30,20,24,09:00,2024-02-25 16:00,26,29,0.1,84,10,1012,86,1
2024-02-25,30,20,24,12:00,2024-02-25 19:00,29,33,2.0,74,10,1010,87,6
2024-02-25,30,20,24,15:00,2024-02-25 22:00,27,31,1.7,85,10,1009,54,4
2024-02-25,30,20,24,18:00,2024-02-26 01:00,24,27,2.1,93,10,1011,58,2
2024-02-25,30,20,24,21:00,2024-02-26 04:00,20,20,4.6,95,7,1013,80,2
2024-02-26,29,19,23,00:00,2024-02-26 07:00,19,19,1.3,97,10,1013,80,4
2024-02-26,29,19,23,03:00,2024-02-26 10:00,19,19,0.7,94,9,1011,84,4
2024-02-26,29,19,23,06:00,2024-02-26 13:00,19,19,0.0,93,10,1012,77,3
2024-02-26,29,19,23,09:00,2024-02-26 16:00,26,29,0.2,85,10,1013,53,3
2024-02-26,29,19,23,12:00,2024-02-26 19:00,29,33,1.5,75,10,1011,70,1
2024-02-26,29,19,23,15:00,2024-02-26 22:00,25,28,2.3,93,10,1010,55,4
2024-02-26,29,19,23,18:00,2024-02-27 01:00,23,26,2.5,96,7,1011,65,2
2024-02-26,29,19,23,21:00,2024-02-27 04:00,20,20,0.1,94,10,1013,80,3
2024-02-27,29,19,23,00:00,2024-02-27 07:00,19,19,0.0,93,10,1011,36,5
2024-02-27,29,19,23,03:00,2024-02-27 10:00,19,19,0.1,93,10,1010,75,6
2024-02-27,29,19,23,06:00,2024-02-27 13:00,19,20,0.1,92,10,1011,88,4
2024-02-27,29,19,23,09:00,2024-02-27 16:00,28,31,0.3,72,9,1011,73,4
2024-02-27,29,19,23,12:00,2024-02-27 19:00,29,34,2.3,73,9,1009,73,1
2024-02-27,29,19,23,15:00,2024-02-27 22:00,26,29,2.4,90,10,1008,76,4
2024-02-27,29,19,23,18:00,2024-02-28 01:00,24,27,0.0,93,10,1009,79,1
2024-02-27,29,19,23,21:00,2024-02-28 04:00,19,19,0.1,94,10,1011,76,1
2024-02-28,28,19,23,00:00,2024-02-28 07:00,19,19,0.4,95,9,1010,75,1
2024-02-28,28,19,23,03:00,2024-02-28 10:00,20,20,0.0,93,10,1009,40,1
2024-02-28,28,19,23,06:00,2024-02-28 13:00,20,20,0.0,93,10,1010,70,1
2024-02-28,28,19,23,09:00,2024-02-28 16:00,27,30,0.9,84,9,1011,83,5
2024-02-28,28,19,23,12:00,2024-02-28 19:00,28,31,1.0,79,10,1010,76,7
2024-02-28,28,19,23,15:00,2024-02-28 22:00,27,30,1.9,83,10,1008,62,6
2024-02-28,28,19,23,18:00,2024-02-29 01:00,24,27,0.7,91,10,1010,80,2
2024-02-28,28,19,23,21:00,2024-02-29 04:00,19,19,0.0,91,10,1012,81,1
2024-02-29,30,18,23,00:00,2024-02-29 07:00,19,19,0.4,92,9,1011,88,1
2024-02-29,30,18,23,03:00,2024-02-29 10:00,19,19,0.0,93,10,1010,89,1
2024-02-29,30,18,23,06:00,2024-02-29 13:00,19,19,0.0,92,10,1011,28,1
2024-02-29,30,18,23,09:00,2024-02-29 16:00,28,32,0.0,71,10,1011,74,4
2024-02-29,30,18,23,12:00,2024-02-29 19:00,29,33,0.5,69,9,1009,84,8
2024-02-29,30,18,23,15:00,2024-02-29 22:00,28,32,0.8,75,9,1008,75,6
2024-02-29,30,18,23,18:00,2024-03-01 01:00,25,27,0.2,91,9,1010,70,3
2024-02-29,30,18,23,21:00,2024-03-01 04:00,20,20,0.0,92,10,1012,24,1
2024-03-01,30,18,23,00:00,2024-03-01 07:00,18,18,0.0,92,10,1011,31,2
2024-03-01,30,18,23,03:00,2024-03-01 10:00,18,18,0.0,92,10,1010,31,2
2024-03-01,30,18,23,06:00,2024-03-01 13:00,18,18,0.0,90,10,1011,21,1
2024-03-01,30,18,23,09:00,2024-03-01 16:00,29,32,0.0,66,10,1012,20,1
2024-03-01,30,18,23,12:00,2024-03-01 19:00,30,34,1.5,71,10,1009,71,5
2024-03-01,30,18,23,15:00,2024-03-01 22:00,27,31,1.3,82,10,1008,83,2
2024-03-01,30,18,23,18:00,2024-03-02 01:00,25,27,0.0,92,10,1010,70,1
2024-03-01,30,18,23,21:00,2024-03-02 04:00,19,19,0.0,92,10,1012,25,1
2024-03-02,29,18,22,00:00,2024-03-02 07:00,18,18,0.1,93,10,1011,72,2
2024-03-02,29,18,22,03:00,2024-03-02 10:00,18,18,0.1,92,10,1009,82,1
2024-03-02,29,18,22,06:00,2024-03-02 13:00,18,18,0.3,90,10,1011,51,2
2024-03-02,29,18,22,09:00,2024-03-02 16:00,28,31,0.4,74,9,1012,81,1
2024-03-02,29,18,22,12:00,2024-03-02 19:00,29,33,1.1,73,10,1009,77,1
2024-03-02,29,18,22,15:00,2024-03-02 22:00,27,31,0.8,87,10,1008,55,2
2024-03-02,29,18,22,18:00,2024-03-03 01:00,25,27,0.3,94,10,1010,60,3
2024-03-02,29,18,22,21:00,2024-03-03 04:00,19,19,0.7,94,9,1012,84,2
2024-03-03,28,18,23,00:00,2024-03-03 07:00,19,19,0.0,94,10,1011,77,1
2024-03-03,28,18,23,03:00,2024-03-03 10:00,18,18,0.1,93,10,1010,72,2
2024-03-03,28,18,23,06:00,2024-03-03 13:00,19,19,0.0,92,10,1012,85,2
2024-03-03,28,18,23,09:00,2024-03-03 16:00,28,32,0.7,78,9,1012,86,2
2024-03-03,28,18,23,12:00,2024-03-03 19:00,28,33,2.1,82,10,1010,64,3
2024-03-03,28,18,23,15:00,2024-03-03 22:00,27,31,1.9,85,10,1009,69,1
2024-03-03,28,18,23,18:00,2024-03-04 01:00,25,28,0.4,93,10,1011,72,1
2024-03-03,28,18,23,21:00,2024-03-04 04:00,22,25,0.2,94,10,1013,68,1
2024-03-04,29,21,24,00:00,2024-03-04 07:00,22,22,1.1,96,10,1011,69,2
2024-03-04,29,21,24,03:00,2024-03-04 10:00,22,22,0.0,94,10,1011,70,0
2024-03-04,29,21,24,06:00,2024-03-04 13:00,23,25,0.0,94,10,1012,35,1
2024-03-04,29,21,24,09:00,2024-03-04 16:00,28,32,0.2,72,9,1012,89,1
2024-03-04,29,21,24,12:00,2024-03-04 19:00,29,33,1.0,75,10,1009,55,3
2024-03-04,29,21,24,15:00,2024-03-04 22:00,26,30,1.8,92,10,1008,90,3
2024-03-04,29,21,24,18:00,2024-03-05 01:00,25,28,1.2,96,10,1010,98,2
2024-03-04,29,21,24,21:00,2024-03-05 04:00,21,21,0.3,95,10,1012,89,1
2024-03-05,29,19,24,00:00,2024-03-05 07:00,23,25,0.0,93,10,1011,52,2
2024-03-05,29,19,24,03:00,2024-03-05 10:00,20,20,0.0,93,10,1010,41,2
2024-03-05,29,19,24,06:00,2024-03-05 13:00,20,20,0.0,91,10,1011,23,1
2024-03-05,29,19,24,09:00,2024-03-05 16:00,29,33,0.1,70,10,1011,86,3
2024-03-05,29,19,24,12:00,2024-03-05 19:00,28,32,2.1,85,10,1009,63,4
2024-03-05,29,19,24,15:00,2024-03-05 22:00,27,31,2.3,89,10,1008,67,4
2024-03-05,29,19,24,18:00,2024-03-06 01:00,25,28,1.4,95,10,1009,73,2
2024-03-05,29,19,24,21:00,2024-03-06 04:00,20,20,0.6,95,10,1012,64,1
2024-03-06,30,19,23,00:00,2024-03-06 07:00,19,19,0.1,95,10,1010,51,0
2024-03-06,30,19,23,03:00,2024-03-06 10:00,19,19,0.3,95,10,1009,52,1
2024-03-06,30,19,23,06:00,2024-03-06 13:00,19,19,0.0,94,10,1011,76,0
2024-03-06,30,19,23,09:00,2024-03-06 16:00,28,32,0.2,76,9,1011,85,5
2024-03-06,30,19,23,12:00,2024-03-06 19:00,30,34,0.8,72,10,1008,88,6
2024-03-06,30,19,23,15:00,2024-03-06 22:00,28,32,1.5,83,10,1007,62,2
2024-03-06,30,19,23,18:00,2024-03-07 01:00,25,28,0.4,93,10,1009,86,1
2024-03-06,30,19,23,21:00,2024-03-07 04:00,20,20,0.2,94,10,1011,68,3
2024-03-07,28,18,23,00:00,2024-03-07 07:00,19,19,0.0,96,2,1010,63,3
2024-03-07,28,18,23,03:00,2024-03-07 10:00,19,19,0.1,94,2,1009,78,2
2024-03-07,28,18,23,06:00,2024-03-07 13:00,19,19,0.0,92,10,1010,87,2
2024-03-07,28,18,23,09:00,2024-03-07 16:00,28,32,1.1,79,10,1010,87,4
2024-03-07,28,18,23,12:00,2024-03-07 19:00,28,33,1.5,83,10,1008,73,6
2024-03-07,28,18,23,15:00,2024-03-07 22:00,27,32,0.8,86,10,1007,61,5
2024-03-07,28,18,23,18:00,2024-03-08 01:00,25,27,0.6,94,10,1009,53,3
2024-03-07,28,18,23,21:00,2024-03-08 04:00,19,19,0.8,94,10,1011,59,3
2024-03-08,29,18,23,00:00,2024-03-08 07:00,19,19,0.0,93,10,1009,35,3
2024-03-08,29,18,23,03:00,2024-03-08 10:00,19,19,0.0,93,10,1008,31,3
2024-03-08,29,18,23,06:00,2024-03-08 13:00,19,19,0.0,92,10,1009,29,2
2024-03-08,29,18,23,09:00,2024-03-08 16:00,29,33,0.3,71,5,1009,84,2
2024-03-08,29,18,23,12:00,2024-03-08 19:00,28,33,1.6,84,10,1007,73,5
2024-03-08,29,18,23,15:00,2024-03-08 22:00,27,32,1.5,86,10,1006,88,4
2024-03-08,29,18,23,18:00,2024-03-09 01:00,25,27,4.7,94,7,1008,56,2
2024-03-08,29,18,23,21:00,2024-03-09 04:00,21,21,0.6,94,9,1010,75,2
2024-03-09,27,18,22,00:00,2024-03-09 07:00,19,19,0.0,94,2,1009,51,3
2024-03-09,27,18,22,03:00,2024-03-09 10:00,19,19,0.1,93,10,1008,81,1
2024-03-09,27,18,22,06:00,2024-03-09 13:00,19,19,0.0,93,10,1009,43,2
2024-03-09,27,18,22,09:00,2024-03-09 16:00,27,30,0.6,86,9,1010,76,3
2024-03-09,27,18,22,12:00,2024-03-09 19:00,27,31,1.3,89,10,1008,70,5
2024-03-09,27,18,22,15:00,2024-03-09 22:00,25,28,6.3,94,7,1007,83,4
2024-03-09,27,18,22,18:00,2024-03-10 01:00,24,26,2.4,96,10,1009,58,5
2024-03-09,27,18,22,21:00,2024-03-10 04:00,18,18,1.1,97,10,1011,94,6
2024-03-10,24,18,21,00:00,2024-03-10 07:00,18,18,3.2,98,7,1010,100,4
2024-03-10,24,18,21,03:00,2024-03-10 10:00,18,18,2.2,98,9,1008,100,2
2024-03-10,24,18,21,06:00,2024-03-10 13:00,18,18,0.5,97,10,1010,93,5
2024-03-10,24,18,21,09:00,2024-03-10 16:00,24,27,0.2,94,10,1011,71,3
2024-03-10,24,18,21,12:00,2024-03-10 19:00,24,27,1.4,96,10,1010,100,5
2024-03-10,24,18,21,15:00,2024-03-10 22:00,24,26,0.6,96,10,1009,95,4
2024-03-10,24,18,21,18:00,2024-03-11 01:00,23,25,0.6,97,10,1011,100,5
2024-03-10,24,18,21,21:00,2024-03-11 04:00,18,18,0.7,97,10,1013,95,4
2024-03-11,25,18,21,00:00,2024-03-11 07:00,18,18,0.4,96,10,1012,92,5
2024-03-11,25,18,21,03:00,2024-03-11 10:00,18,18,0.3,95,10,1010,80,5
2024-03-11,25,18,21,06:00,2024-03-11 13:00,18,18,0.4,94,10,1012,77,5
2024-03-11,25,18,21,09:00,2024-03-11 16:00,24,27,0.3,90,10,1013,70,4
2024-03-11,25,18,21,12:00,2024-03-11 19:00,25,28,0.7,88,10,1010,52,4
2024-03-11,25,18,21,15:00,2024-03-11 22:00,24,27,0.8,95,10,1009,82,5
2024-03-11,25,18,21,18:00,2024-03-12 01:00,23,26,1.5,97,10,1011,98,6
2024-03-11,25,18,21,21:00,2024-03-12 04:00,18,18,0.2,97,10,1013,89,5
2024-03-12,27,18,22,00:00,2024-03-12 07:00,18,18,0.1,93,10,1011,54,3
2024-03-12,27,18,22,03:00,2024-03-12 10:00,18,18,0.1,92,10,1010,72,4
2024-03-12,27,18,22,06:00,2024-03-12 13:00,18,18,0.2,92,9,1012,78,3
2024-03-12,27,18,22,09:00,2024-03-12 16:00,26,29,0.1,79,10,1012,51,7
2024-03-12,27,18,22,12:00,2024-03-12 19:00,27,30,0.2,78,9,1009,85,9
2024-03-12,27,18,22,15:00,2024-03-12 22:00,25,28,0.6,89,10,1009,53,9
2024-03-12,27,18,22,18:00,2024-03-13 01:00,24,27,0.4,96,10,1011,97,6
2024-03-12,27,18,22,21:00,2024-03-13 04:00,19,19,0.2,95,10,1012,72,5
2024-03-13,28,17,22,00:00,2024-03-13 07:00,18,18,0.1,94,2,1011,66,7
2024-03-13,28,17,22,03:00,2024-03-13 10:00,18,18,0.1,92,10,1010,73,6
2024-03-13,28,17,22,06:00,2024-03-13 13:00,18,18,0.1,92,10,1012,85,5
2024-03-13,28,17,22,09:00,2024-03-13 16:00,27,30,0.2,80,9,1012,85,9
2024-03-13,28,17,22,12:00,2024-03-13 19:00,28,32,0.5,78,10,1009,63,10
2024-03-13,28,17,22,15:00,2024-03-13 22:00,25,28,1.2,95,10,1008,88,9
2024-03-13,28,17,22,18:00,2024-03-14 01:00,24,27,1.6,96,10,1010,96,10
2024-03-13,28,17,22,21:00,2024-03-14 04:00,19,19,0.6,96,10,1011,97,8
2024-03-14,27,19,23,00:00,2024-03-14 07:00,22,22,4.1,97,7,1010,100,9
2024-03-14,27,19,23,03:00,2024-03-14 10:00,21,21,0.4,96,10,1010,100,10
2024-03-14,27,19,23,06:00,2024-03-14 13:00,21,21,0.4,96,10,1011,91,9
2024-03-14,27,19,23,09:00,2024-03-14 16:00,26,29,0.6,89,10,1011,57,8
2024-03-14,27,19,23,12:00,2024-03-14 19:00,27,31,1.0,88,10,1009,66,8
2024-03-14,27,19,23,15:00,2024-03-14 22:00,25,29,1.8,94,10,1008,93,9
2024-03-14,27,19,23,18:00,2024-03-15 01:00,24,27,2.5,97,10,1009,100,6
2024-03-14,27,19,23,21:00,2024-03-15 04:00,19,19,1.5,97,10,1011,96,9
2024-03-15,27,18,22,00:00,2024-03-15 07:00,19,19,0.7,97,10,1011,99,7
2024-03-15,27,18,22,03:00,2024-03-15 10:00,18,18,0.6,98,10,1010,100,8
2024-03-15,27,18,22,06:00,2024-03-15 13:00,18,18,0.1,95,2,1011,60,5
2024-03-15,27,18,22,09:00,2024-03-15 16:00,27,30,0.7,84,9,1012,76,4
2024-03-15,27,18,22,12:00,2024-03-15 19:00,26,30,1.7,90,10,1010,100,10
2024-03-15,27,18,22,15:00,2024-03-15 22:00,25,28,1.0,96,10,1008,100,6
2024-03-15,27,18,22,18:00,2024-03-16 01:00,24,27,1.2,96,10,1010,85,6
2024-03-15,27,18,22,21:00,2024-03-16 04:00,18,18,0.4,95,10,1012,73,6
2024-03-16,27,19,23,00:00,2024-03-16 07:00,19,19,0.5,96,10,1012,78,5
2024-03-16,27,19,23,03:00,2024-03-16 10:00,20,20,0.3,95,10,1011,63,4
2024-03-16,27,19,23,06:00,2024-03-16 13:00,19,19,0.2,95,10,1012,59,4
2024-03-16,27,19,23,09:00,2024-03-16 16:00,26,30,0.5,87,9,1012,70,5
2024-03-16,27,19,23,12:00,2024-03-16 19:00,27,31,1.9,85,10,1010,61,7
2024-03-16,27,19,23,15:00,2024-03-16 22:00,25,29,1.4,92,10,1009,89,5
2024-03-16,27,19,23,18:00,2024-03-17 01:00,24,26,0.8,96,10,1011,92,5
2024-03-16,27,19,23,21:00,2024-03-17 04:00,23,26,0.3,95,10,1013,69,4
2024-03-17,29,18,23,00:00,2024-03-17 07:00,18,18,0.0,94,10,1012,55,3
2024-03-17,29,18,23,03:00,2024-03-17 10:00,19,19,0.0,94,10,1011,87,3
2024-03-17,29,18,23,06:00,2024-03-17 13:00,18,18,0.0,93,10,1011,75,3
2024-03-17,29,18,23,09:00,2024-03-17 16:00,28,31,0.0,75,10,1011,75,5
2024-03-17,29,18,23,12:00,2024-03-17 19:00,29,33,0.8,75,9,1009,80,5
2024-03-17,29,18,23,15:00,2024-03-17 22:00,26,30,1.2,88,10,1008,68,5
2024-03-17,29,18,23,18:00,2024-03-18 01:00,24,26,0.9,95,10,1010,90,3
2024-03-17,29,18,23,21:00,2024-03-18 04:00,21,21,0.3,96,10,1012,90,1
2024-03-18,27,19,23,00:00,2024-03-18 07:00,21,21,0.0,95,2,1011,91,2
2024-03-18,27,19,23,03:00,2024-03-18 10:00,19,19,0.2,95,10,1010,73,2
2024-03-18,27,19,23,06:00,2024-03-18 13:00,19,19,0.0,95,2,1011,61,3
2024-03-18,27,19,23,09:00,2024-03-18 16:00,27,30,0.7,81,9,1012,76,0
2024-03-18,27,19,23,12:00,2024-03-18 19:00,27,30,2.0,86,10,1010,74,2
2024-03-18,27,19,23,15:00,2024-03-18 22:00,25,28,3.2,89,7,1009,72,6
2024-03-18,27,19,23,18:00,2024-03-19 01:00,23,26,1.4,95,10,1010,76,3
2024-03-18,27,19,23,21:00,2024-03-19 04:00,23,25,0.4,95,10,1012,58,2
2024-03-19,29,20,24,00:00,2024-03-19 07:00,20,20,0.0,95,2,1011,51,3
2024-03-19,29,20,24,03:00,2024-03-19 10:00,20,20,0.0,95,2,1010,82,3
2024-03-19,29,20,24,06:00,2024-03-19 13:00,20,20,0.0,93,10,1012,33,2
2024-03-19,29,20,24,09:00,2024-03-19 16:00,28,31,0.0,73,10,1012,10,4
2024-03-19,29,20,24,12:00,2024-03-19 19:00,29,33,0.2,70,9,1009,77,6
2024-03-19,29,20,24,15:00,2024-03-19 22:00,27,31,0.2,76,9,1008,81,3
2024-03-19,29,20,24,18:00,2024-03-20 01:00,24,27,0.1,91,10,1011,60,6
2024-03-19,29,20,24,21:00,2024-03-20 04:00,23,26,0.0,93,10,1012,39,3
2024-03-20,30,22,25,00:00,2024-03-20 07:00,23,25,0.0,92,10,1011,75,2
2024-03-20,30,22,25,03:00,2024-03-20 10:00,22,25,0.0,92,10,1011,89,1
2024-03-20,30,22,25,06:00,2024-03-20 13:00,22,25,0.0,91,10,1012,17,0
2024-03-20,30,22,25,09:00,2024-03-20 16:00,28,31,0.0,67,10,1012,4,6
2024-03-20,30,22,25,12:00,2024-03-20 19:00,30,34,0.2,62,10,1010,76,7
2024-03-20,30,22,25,15:00,2024-03-20 22:00,28,31,0.3,71,9,1009,71,4
2024-03-20,30,22,25,18:00,2024-03-21 01:00,24,26,0.0,88,10,1011,78,1
2024-03-20,30,22,25,21:00,2024-03-21 04:00,23,25,0.0,90,10,1013,76,0
2024-03-21,29,21,25,00:00,2024-03-21 07:00,23,25,0.0,91,10,1012,23,1
2024-03-21,29,21,25,03:00,2024-03-21 10:00,22,25,0.0,90,10,1011,22,1
2024-03-21,29,21,25,06:00,2024-03-21 13:00,22,22,0.0,90,10,1012,22,1
2024-03-21,29,21,25,09:00,2024-03-21 16:00,28,31,0.3,74,9,1012,82,5
2024-03-21,29,21,25,12:00,2024-03-21 19:00,28,32,1.1,77,10,1010,75,5
2024-03-21,29,21,25,15:00,2024-03-21 22:00,27,31,1.0,81,10,1009,63,3
2024-03-21,29,21,25,18:00,2024-03-22 01:00,24,27,0.9,91,10,1010,87,1
2024-03-21,29,21,25,21:00,2024-03-22 04:00,22,25,0.1,92,10,1012,62,1
2024-03-22,28,20,24,00:00,2024-03-22 07:00,22,22,0.0,93,10,1011,88,3
2024-03-22,28,20,24,03:00,2024-03-22 10:00,21,21,0.0,93,10,1011,33,4
2024-03-22,28,20,24,06:00,2024-03-22 13:00,21,21,0.0,92,10,1012,28,4
2024-03-22,28,20,24,09:00,2024-03-22 16:00,28,31,0.3,72,9,1012,87,1
2024-03-22,28,20,24,12:00,2024-03-22 19:00,28,32,1.4,81,10,1010,56,2
2024-03-22,28,20,24,15:00,2024-03-22 22:00,27,31,1.3,86,10,1008,88,2
2024-03-22,28,20,24,18:00,2024-03-23 01:00,24,26,0.9,95,10,1011,70,3
2024-03-22,28,20,24,21:00,2024-03-23 04:00,21,21,0.0,95,2,1012,35,5
2024-03-23,30,18,23,00:00,2024-03-23 07:00,20,20,0.0,94,10,1012,31,5
2024-03-23,30,18,23,03:00,2024-03-23 10:00,18,18,0.0,93,10,1011,21,5
2024-03-23,30,18,23,06:00,2024-03-23 13:00,18,18,0.0,91,10,1012,14,5
2024-03-23,30,18,23,09:00,2024-03-23 16:00,28,31,0.0,66,10,1013,11,2
2024-03-23,30,18,23,12:00,2024-03-23 19:00,30,34,0.4,63,9,1010,86,0
2024-03-23,30,18,23,15:00,2024-03-23 22:00,27,31,0.5,83,10,1009,54,1
2024-03-23,30,18,23,18:00,2024-03-24 01:00,24,27,0.0,94,10,1011,68,3
2024-03-23,30,18,23,21:00,2024-03-24 04:00,18,18,0.0,95,2,1013,75,4
2024-03-24,30,20,24,00:00,2024-03-24 07:00,20,20,0.0,94,2,1012,31,4
2024-03-24,30,20,24,03:00,2024-03-24 10:00,21,21,0.0,93,10,1011,24,4
2024-03-24,30,20,24,06:00,2024-03-24 13:00,20,20,0.0,91,10,1013,9,2
2024-03-24,30,20,24,09:00,2024-03-24 16:00,29,31,0.0,62,10,1012,6,1
2024-03-24,30,20,24,12:00,2024-03-24 19:00,30,34,0.2,60,9,1010,85,4
2024-03-24,30,20,24,15:00,2024-03-24 22:00,27,31,1.3,82,9,1009,77,3
2024-03-24,30,20,24,18:00,2024-03-25 01:00,24,27,0.4,92,10,1012,68,1
2024-03-24,30,20,24,21:00,2024-03-25 04:00,20,20,0.0,94,2,1013,71,2
2024-03-25,29,18,23,00:00,2024-03-25 07:00,18,18,0.0,93,10,1012,26,2
2024-03-25,29,18,23,03:00,2024-03-25 10:00,19,19,0.0,94,10,1011,31,2
2024-03-25,29,18,23,06:00,2024-03-25 13:00,19,19,0.0,92,10,1013,23,2
2024-03-25,29,18,23,09:00,2024-03-25 16:00,28,31,0.7,75,10,1013,76,2
2024-03-25,29,18,23,12:00,2024-03-25 19:00,29,33,0.5,69,9,1011,70,5
2024-03-25,29,18,23,15:00,2024-03-25 22:00,27,31,1.2,79,9,1010,89,3
2024-03-25,29,18,23,18:00,2024-03-26 01:00,24,27,0.1,92,10,1012,74,1
2024-03-25,29,18,23,21:00,2024-03-26 04:00,19,19,0.0,93,10,1014,71,2
2024-03-26,30,18,23,00:00,2024-03-26 07:00,18,18,0.0,93,10,1013,18,5
2024-03-26,30,18,23,03:00,2024-03-26 10:00,19,19,0.0,92,10,1013,19,4
2024-03-26,30,18,23,06:00,2024-03-26 13:00,19,19,0.0,92,10,1014,13,5
2024-03-26,30,18,23,09:00,2024-03-26 16:00,28,31,0.0,69,10,1014,81,2
2024-03-26,30,18,23,12:00,2024-03-26 19:00,29,33,1.0,69,9,1012,74,3
2024-03-26,30,18,23,15:00,2024-03-26 22:00,26,29,1.4,87,10,1011,70,1
2024-03-26,30,18,23,18:00,2024-03-27 01:00,24,26,0.5,94,10,1013,65,3
2024-03-26,30,18,23,21:00,2024-03-27 04:00,20,20,0.0,94,10,1015,43,4
2024-03-27,29,19,23,00:00,2024-03-27 07:00,19,19,0.0,95,2,1014,45,5
2024-03-27,29,19,23,03:00,2024-03-27 10:00,21,21,0.0,94,10,1013,38,5
2024-03-27,29,19,23,06:00,2024-03-27 13:00,19,19,0.0,94,10,1014,33,5
2024-03-27,29,19,23,09:00,2024-03-27 16:00,28,31,0.0,70,10,1014,83,3
2024-03-27,29,19,23,12:00,2024-03-27 19:00,28,31,0.8,76,10,1013,57,2
2024-03-27,29,19,23,15:00,2024-03-27 22:00,26,29,1.3,89,10,1012,63,4
2024-03-27,29,19,23,18:00,2024-03-28 01:00,24,26,0.0,94,10,1013,78,4
2024-03-27,29,19,23,21:00,2024-03-28 04:00,19,19,0.3,95,9,1014,82,4
2024-03-28,29,19,23,00:00,2024-03-28 07:00,19,19,0.3,94,9,1014,88,4
2024-03-28,29,19,23,03:00,2024-03-28 10:00,19,19,0.0,94,10,1013,38,4
2024-03-28,29,19,23,06:00,2024-03-28 13:00,20,20,0.1,93,10,1014,81,4
2024-03-28,29,19,23,09:00,2024-03-28 16:00,27,30,0.5,76,9,1015,76,3
2024-03-28,29,19,23,12:00,2024-03-28 19:00,28,32,1.5,75,10,1012,55,0
2024-03-28,29,19,23,15:00,2024-03-28 22:00,26,30,1.9,88,10,1011,56,1
2024-03-28,29,19,23,18:00,2024-03-29 01:00,24,26,1.9,93,10,1013,75,0
2024-03-28,29,19,23,21:00,2024-03-29 04:00,21,21,0.4,94,10,1015,65,2
2024-03-29,29,20,24,00:00,2024-03-29 07:00,21,21,0.2,94,10,1014,76,4
2024-03-29,29,20,24,03:00,2024-03-29 10:00,23,26,0.1,94,2,1013,82,4
2024-03-29,29,20,24,06:00,2024-03-29 13:00,21,21,0.0,94,2,1014,36,4
2024-03-29,29,20,24,09:00,2024-03-29 16:00,28,32,0.2,71,9,1014,81,1
2024-03-29,29,20,24,12:00,2024-03-29 19:00,27,32,2.0,83,10,1012,57,1
2024-03-29,29,20,24,15:00,2024-03-29 22:00,27,31,2.6,87,7,1011,70,3
2024-03-29,29,20,24,18:00,2024-03-30 01:00,24,26,0.8,95,10,1013,52,1
2024-03-29,29,20,24,21:00,2024-03-30 04:00,21,21,0.0,95,2,1015,78,3
2024-03-30,30,19,24,00:00,2024-03-30 07:00,20,20,0.0,95,2,1014,89,4
2024-03-30,30,19,24,03:00,2024-03-30 10:00,20,20,0.0,94,10,1013,28,4
2024-03-30,30,19,24,06:00,2024-03-30 13:00,19,19,0.0,93,10,1015,25,3
2024-03-30,30,19,24,09:00,2024-03-30 16:00,29,32,0.0,69,10,1015,89,1
2024-03-30,30,19,24,12:00,2024-03-30 19:00,30,35,1.4,71,9,1012,72,5
2024-03-30,30,19,24,15:00,2024-03-30 22:00,27,32,1.4,88,9,1011,83,2
2024-03-30,30,19,24,18:00,2024-03-31 01:00,25,27,0.2,95,9,1013,80,1
2024-03-30,30,19,24,21:00,2024-03-31 04:00,24,26,0.2,95,10,1015,60,4
2024-03-31,31,19,24,00:00,2024-03-31 07:00,23,26,0.0,95,2,1014,72,5
2024-03-31,31,19,24,03:00,2024-03-31 10:00,20,20,0.0,93,10,1013,20,5
2024-03-31,31,19,24,06:00,2024-03-31 13:00,19,19,0.0,92,10,1014,13,5
2024-03-31,31,19,24,09:00,2024-03-31 16:00,29,32,0.0,66,10,1014,10,3
2024-03-31,31,19,24,12:00,2024-03-31 19:00,31,35,0.3,62,9,1011,82,1
2024-03-31,31,19,24,15:00,2024-03-31 22:00,28,32,0.6,82,10,1011,52,1
2024-03-31,31,19,24,18:00,2024-04-01 01:00,25,28,0.0,94,10,1012,53,3
2024-03-31,31,19,24,21:00,2024-04-01 04:00,22,25,0.2,94,5,1014,59,4
2024-04-01,31,18,23,00:00,2024-04-01 07:00,19,19,0.0,93,10,1013,71,6
2024-04-01,31,18,23,03:00,2024-04-01 10:00,18,18,0.0,94,2,1012,36,5
2024-04-01,31,18,23,06:00,2024-04-01 13:00,18,18,0.0,91,10,1013,18,5
2024-04-01,31,18,23,09:00,2024-04-01 16:00,29,32,0.0,66,10,1013,23,2
2024-04-01,31,18,23,12:00,2024-04-01 19:00,30,35,1.0,68,10,1010,79,0
2024-04-01,31,18,23,15:00,2024-04-01 22:00,27,31,2.9,88,7,1009,66,1
2024-04-01,31,18,23,18:00,2024-04-02 01:00,24,27,4.5,95,7,1011,51,3
2024-04-01,31,18,23,21:00,2024-04-02 04:00,20,20,0.4,94,9,1014,81,4
2024-04-02,29,18,22,00:00,2024-04-02 07:00,18,18,0.7,94,9,1012,80,5
2024-04-02,29,18,22,03:00,2024-04-02 10:00,18,18,0.1,95,2,1011,85,5
2024-04-02,29,18,22,06:00,2024-04-02 13:00,19,19,0.0,94,2,1012,50,4
2024-04-02,29,18,22,09:00,2024-04-02 16:00,28,31,0.5,79,9,1012,80,2
2024-04-02,29,18,22,12:00,2024-04-02 19:00,28,32,1.1,79,10,1010,64,2
2024-04-02,29,18,22,15:00,2024-04-02 22:00,27,31,0.5,88,9,1009,87,2
2024-04-02,29,18,22,18:00,2024-04-03 01:00,24,27,0.0,92,10,1010,33,3
2024-04-02,29,18,22,21:00,2024-04-03 04:00,18,18,0.0,91,10,1012,15,4
2024-04-03,30,18,23,00:00,2024-04-03 07:00,18,18,0.0,93,10,1011,25,5
2024-04-03,30,18,23,03:00,2024-04-03 10:00,18,18,0.0,92,10,1010,15,5
2024-04-03,30,18,23,06:00,2024-04-03 13:00,18,18,0.0,90,10,1011,11,4
2024-04-03,30,18,23,09:00,2024-04-03 16:00,29,32,0.0,66,10,1012,11,2
2024-04-03,30,18,23,12:00,2024-04-03 19:00,30,35,0.4,65,10,1009,59,1
2024-04-03,30,18,23,15:00,2024-04-03 22:00,28,33,0.8,83,10,1008,76,1
2024-04-03,30,18,23,18:00,2024-04-04 01:00,25,27,0.1,93,10,1010,76,3
2024-04-03,30,18,23,21:00,2024-04-04 04:00,19,19,0.0,94,10,1012,77,3
2024-04-04,31,17,23,00:00,2024-04-04 07:00,18,18,0.0,94,10,1011,28,4
2024-04-04,31,17,23,03:00,2024-04-04 10:00,17,17,0.0,93,10,1010,23,4
2024-04-04,31,17,23,06:00,2024-04-04 13:00,18,18,0.0,92,10,1011,20,4
2024-04-04,31,17,23,09:00,2024-04-04 16:00,29,32,0.0,68,10,1011,8,3
2024-04-04,31,17,23,12:00,2024-04-04 19:00,31,35,0.1,63,10,1007,72,1
2024-04-04,31,17,23,15:00,2024-04-04 22:00,28,33,1.1,81,10,1007,51,1
2024-04-04,31,17,23,18:00,2024-04-05 01:00,25,28,0.3,94,10,1009,89,1
2024-04-04,31,17,23,21:00,2024-04-05 04:00,21,21,0.1,94,2,1011,79,3
2024-04-05,29,18,23,00:00,2024-04-05 07:00,20,20,0.0,94,2,1010,75,3
2024-04-05,29,18,23,03:00,2024-04-05 10:00,19,19,0.0,94,10,1009,39,3
2024-04-05,29,18,23,06:00,2024-04-05 13:00,18,18,0.0,92,10,1010,28,3
2024-04-05,29,18,23,09:00,2024-04-05 16:00,29,32,0.4,72,9,1010,84,2
2024-04-05,29,18,23,12:00,2024-04-05 19:00,28,33,0.9,78,9,1008,82,5
2024-04-05,29,18,23,15:00,2024-04-05 22:00,28,32,0.5,84,9,1007,81,4
2024-04-05,29,18,23,18:00,2024-04-06 01:00,25,28,0.1,94,10,1009,68,4
2024-04-05,29,18,23,21:00,2024-04-06 04:00,19,19,0.0,95,2,1011,85,5
2024-04-06,30,16,23,00:00,2024-04-06 07:00,18,18,0.0,95,2,1010,42,5
2024-04-06,30,16,23,03:00,2024-04-06 10:00,17,17,0.0,94,10,1009,27,4
2024-04-06,30,16,23,06:00,2024-04-06 13:00,16,16,0.0,87,10,1011,8,3
2024-04-06,30,16,23,09:00,2024-04-06 16:00,28,30,0.0,62,10,1011,7,1
2024-04-06,30,16,23,12:00,2024-04-06 19:00,30,33,0.0,57,10,1008,89,1
2024-04-06,30,16,23,15:00,2024-04-06 22:00,27,30,0.4,81,9,1008,85,4
2024-04-06,30,16,23,18:00,2024-04-07 01:00,25,27,0.0,92,10,1009,45,6
2024-04-06,30,16,23,21:00,2024-04-07 04:00,19,19,0.0,92,10,1011,41,5
2024-04-07,30,17,23,00:00,2024-04-07 07:00,18,18,0.0,92,10,1010,25,5
2024-04-07,30,17,23,03:00,2024-04-07 10:00,19,19,0.0,90,10,1008,12,4
2024-04-07,30,17,23,06:00,2024-04-07 13:00,18,18,0.0,84,10,1010,23,4
2024-04-07,30,17,23,09:00,2024-04-07 16:00,29,32,0.0,65,10,1010,18,3
2024-04-07,30,17,23,12:00,2024-04-07 19:00,28,33,0.7,76,9,1008,76,2
2024-04-07,30,17,23,15:00,2024-04-07 22:00,26,29,1.1,88,10,1007,68,3
2024-04-07,30,17,23,18:00,2024-04-08 01:00,24,27,0.5,94,10,1009,74,4
2024-04-07,30,17,23,21:00,2024-04-08 04:00,24,26,0.0,94,2,1010,39,4
2024-04-08,29,21,25,00:00,2024-04-08 07:00,24,26,0.0,94,2,1010,35,2
2024-04-08,29,21,25,03:00,2024-04-08 10:00,21,21,0.0,94,2,1009,34,1
2024-04-08,29,21,25,06:00,2024-04-08 13:00,21,21,0.0,93,10,1010,86,2
2024-04-08,29,21,25,09:00,2024-04-08 16:00,29,32,0.0,70,10,1011,81,2
2024-04-08,29,21,25,12:00,2024-04-08 19:00,28,33,2.1,79,9,1009,72,4
2024-04-08,29,21,25,15:00,2024-04-08 22:00,26,30,2.0,86,10,1008,51,3
2024-04-08,29,21,25,18:00,2024-04-09 01:00,25,27,0.2,92,9,1009,73,3
2024-04-08,29,21,25,21:00,2024-04-09 04:00,24,27,0.3,94,9,1011,73,1
2024-04-09,29,18,23,00:00,2024-04-09 07:00,21,21,0.1,93,10,1011,79,0
2024-04-09,29,18,23,03:00,2024-04-09 10:00,21,21,0.1,92,10,1009,88,2
2024-04-09,29,18,23,06:00,2024-04-09 13:00,19,19,0.0,91,10,1011,40,2
2024-04-09,29,18,23,09:00,2024-04-09 16:00,28,32,0.1,72,10,1011,76,2
2024-04-09,29,18,23,12:00,2024-04-09 19:00,29,33,1.0,73,9,1009,71,6
2024-04-09,29,18,23,15:00,2024-04-09 22:00,28,32,1.0,79,9,1008,70,5
2024-04-09,29,18,23,18:00,2024-04-10 01:00,24,27,0.2,92,9,1010,73,4
2024-04-09,29,18,23,21:00,2024-04-10 04:00,19,19,0.6,93,9,1012,73,1
2024-04-10,29,18,23,00:00,2024-04-10 07:00,18,18,0.2,93,9,1011,89,0
2024-04-10,29,18,23,03:00,2024-04-10 10:00,18,18,0.0,93,10,1010,27,1
2024-04-10,29,18,23,06:00,2024-04-10 13:00,18,18,0.0,91,10,1012,19,2
2024-04-10,29,18,23,09:00,2024-04-10 16:00,28,32,0.1,71,10,1012,89,1
2024-04-10,29,18,23,12:00,2024-04-10 19:00,28,32,0.8,74,10,1009,72,6
2024-04-10,29,18,23,15:00,2024-04-10 22:00,27,30,0.9,85,10,1009,85,6
2024-04-10,29,18,23,18:00,2024-04-11 01:00,24,27,0.5,93,9,1011,87,4
2024-04-10,29,18,23,21:00,2024-04-11 04:00,19,19,0.0,94,2,1012,53,1
2024-04-11,30,18,23,00:00,2024-04-11 07:00,18,18,0.0,93,10,1011,85,2
2024-04-11,30,18,23,03:00,2024-04-11 10:00,18,18,0.0,92,10,1010,70,3
2024-04-11,30,18,23,06:00,2024-04-11 13:00,18,18,0.0,90,10,1012,40,3
2024-04-11,30,18,23,09:00,2024-04-11 16:00,28,31,0.0,65,10,1012,89,2
2024-04-11,30,18,23,12:00,2024-04-11 19:00,29,34,0.5,68,10,1009,75,3
2024-04-11,30,18,23,15:00,2024-04-11 22:00,26,30,1.9,90,10,1009,82,4
2024-04-11,30,18,23,18:00,2024-04-12 01:00,24,27,7.6,96,3,1010,63,4
2024-04-11,30,18,23,21:00,2024-04-12 04:00,23,25,0.1,93,10,1013,79,2
2024-04-12,28,18,23,00:00,2024-04-12 07:00,23,25,0.0,92,10,1012,56,1
2024-04-12,28,18,23,03:00,2024-04-12 10:00,20,20,0.0,91,10,1011,71,2
2024-04-12,28,18,23,06:00,2024-04-12 13:00,18,18,0.0,90,10,1012,48,1
2024-04-12,28,18,23,09:00,2024-04-12 16:00,28,31,0.2,69,9,1012,89,1
2024-04-12,28,18,23,12:00,2024-04-12 19:00,27,30,0.6,82,9,1010,84,2
2024-04-12,28,18,23,15:00,2024-04-12 22:00,27,30,0.8,85,10,1008,59,4
2024-04-12,28,18,23,18:00,2024-04-13 01:00,24,27,1.2,94,10,1010,59,2
2024-04-12,28,18,23,21:00,2024-04-13 04:00,20,20,0.1,95,2,1012,51,2
2024-04-13,29,17,22,00:00,2024-04-13 07:00,18,18,0.1,95,2,1011,61,2
2024-04-13,29,17,22,03:00,2024-04-13 10:00,18,18,0.3,94,9,1011,78,3
2024-04-13,29,17,22,06:00,2024-04-13 13:00,18,18,0.0,93,10,1012,25,2
2024-04-13,29,17,22,09:00,2024-04-13 16:00,28,32,0.4,73,9,1012,87,4
2024-04-13,29,17,22,12:00,2024-04-13 19:00,28,32,1.1,81,10,1010,66,6
2024-04-13,29,17,22,15:00,2024-04-13 22:00,27,31,0.8,88,10,1009,63,5
2024-04-13,29,17,22,18:00,2024-04-14 01:00,24,27,0.0,95,2,1011,54,4
2024-04-13,29,17,22,21:00,2024-04-14 04:00,19,19,0.0,95,2,1013,71,1
2024-04-14,30,17,23,00:00,2024-04-14 07:00,19,19,0.0,95,2,1012,37,3
2024-04-14,30,17,23,03:00,2024-04-14 10:00,18,18,0.0,94,10,1011,25,3
2024-04-14,30,17,23,06:00,2024-04-14 13:00,18,18,0.0,93,10,1013,16,3
2024-04-14,30,17,23,09:00,2024-04-14 16:00,29,32,0.0,69,10,1013,75,0
2024-04-14,30,17,23,12:00,2024-04-14 19:00,29,33,0.5,71,9,1010,76,3
2024-04-14,30,17,23,15:00,2024-04-14 22:00,26,30,0.5,89,10,1010,86,1
2024-04-14,30,17,23,18:00,2024-04-15 01:00,24,27,0.0,95,2,1012,67,2
2024-04-14,30,17,23,21:00,2024-04-15 04:00,23,26,0.0,95,2,1014,55,3
2024-04-15,31,18,23,00:00,2024-04-15 07:00,19,19,0.0,95,2,1012,84,3
2024-04-15,31,18,23,03:00,2024-04-15 10:00,20,20,0.0,95,2,1011,40,4
2024-04-15,31,18,23,06:00,2024-04-15 13:00,20,20,0.0,94,10,1013,26,3
2024-04-15,31,18,23,09:00,2024-04-15 16:00,29,32,0.0,68,10,1013,11,1
2024-04-15,31,18,23,12:00,2024-04-15 19:00,30,34,0.6,68,9,1011,72,4
2024-04-15,31,18,23,15:00,2024-04-15 22:00,27,30,0.3,88,10,1010,70,3
2024-04-15,31,18,23,18:00,2024-04-16 01:00,25,27,0.1,94,10,1012,87,1
2024-04-15,31,18,23,21:00,2024-04-16 04:00,19,19,0.0,95,2,1014,83,3
2024-04-16,30,17,23,00:00,2024-04-16 07:00,19,19,0.0,94,10,1013,24,4
2024-04-16,30,17,23,03:00,2024-04-16 10:00,17,17,0.0,93,10,1012,27,4
2024-04-16,30,17,23,06:00,2024-04-16 13:00,18,18,0.0,92,10,1013,19,3
2024-04-16,30,17,23,09:00,2024-04-16 16:00,29,32,0.0,67,10,1013,9,1
2024-04-16,30,17,23,12:00,2024-04-16 19:00,29,33,0.8,73,9,1010,88,1
2024-04-16,30,17,23,15:00,2024-04-16 22:00,27,31,1.0,86,10,1009,58,2
2024-04-16,30,17,23,18:00,2024-04-17 01:00,24,27,0.1,94,2,1011,74,4
2024-04-16,30,17,23,21:00,2024-04-17 04:00,21,21,0.0,94,10,1013,31,4
2024-04-17,27,18,22,00:00,2024-04-17 07:00,19,19,0.0,93,10,1011,85,6
2024-04-17,27,18,22,03:00,2024-04-17 10:00,18,18,0.0,93,10,1010,88,6
2024-04-17,27,18,22,06:00,2024-04-17 13:00,18,18,0.0,93,10,1011,88,6
2024-04-17,27,18,22,09:00,2024-04-17 16:00,27,30,0.1,82,10,1012,81,3
2024-04-17,27,18,22,12:00,2024-04-17 19:00,27,31,1.3,84,10,1009,79,2
2024-04-17,27,18,22,15:00,2024-04-17 22:00,25,29,1.7,92,10,1009,89,1
2024-04-17,27,18,22,18:00,2024-04-18 01:00,24,26,3.1,94,7,1010,86,4
2024-04-17,27,18,22,21:00,2024-04-18 04:00,20,20,0.0,93,10,1012,82,4
2024-04-18,28,18,22,00:00,2024-04-18 07:00,18,18,0.0,92,10,1011,79,4
2024-04-18,28,18,22,03:00,2024-04-18 10:00,18,18,0.0,92,10,1010,27,4
2024-04-18,28,18,22,06:00,2024-04-18 13:00,18,18,0.0,91,10,1011,36,4
2024-04-18,28,18,22,09:00,2024-04-18 16:00,27,30,0.3,77,10,1011,60,2
2024-04-18,28,18,22,12:00,2024-04-18 19:00,27,31,1.9,83,10,1009,87,2
2024-04-18,28,18,22,15:00,2024-04-18 22:00,25,28,1.4,93,10,1008,72,3
2024-04-18,28,18,22,18:00,2024-04-19 01:00,24,26,0.2,94,10,1010,90,4
2024-04-18,28,18,22,21:00,2024-04-19 04:00,18,18,0.0,93,10,1012,91,2
2024-04-19,31,17,23,00:00,2024-04-19 07:00,18,18,0.0,93,10,1011,27,1
2024-04-19,31,17,23,03:00,2024-04-19 10:00,17,17,0.0,92,10,1010,22,1
2024-04-19,31,17,23,06:00,2024-04-19 13:00,18,18,0.0,91,10,1011,49,1
2024-04-19,31,17,23,09:00,2024-04-19 16:00,29,32,0.0,62,10,1011,21,4
2024-04-19,31,17,23,12:00,2024-04-19 19:00,30,34,0.3,61,9,1008,73,8
2024-04-19,31,17,23,15:00,2024-04-19 22:00,27,31,0.9,83,10,1007,52,3
2024-04-19,31,17,23,18:00,2024-04-20 01:00,24,27,0.0,93,10,1009,80,1
2024-04-19,31,17,23,21:00,2024-04-20 04:00,19,19,0.0,93,10,1011,45,1
2024-04-20,31,17,23,00:00,2024-04-20 07:00,18,18,0.0,93,10,1010,28,3
2024-04-20,31,17,23,03:00,2024-04-20 10:00,18,18,0.0,91,10,1009,14,3
2024-04-20,31,17,23,06:00,2024-04-20 13:00,18,18,0.0,89,10,1010,17,2
2024-04-20,31,17,23,09:00,2024-04-20 16:00,29,32,0.0,64,10,1010,8,4
2024-04-20,31,17,23,12:00,2024-04-20 19:00,30,35,0.7,67,9,1008,82,5
2024-04-20,31,17,23,15:00,2024-04-20 22:00,27,31,0.8,88,10,1007,71,3
2024-04-20,31,17,23,18:00,2024-04-21 01:00,24,27,0.9,95,10,1009,74,3
2024-04-20,31,17,23,21:00,2024-04-21 04:00,19,19,0.0,95,2,1011,37,3
2024-04-21,29,18,23,00:00,2024-04-21 07:00,18,18,0.0,93,10,1010,35,3
2024-04-21,29,18,23,03:00,2024-04-21 10:00,18,18,0.0,93,10,1009,38,3
2024-04-21,29,18,23,06:00,2024-04-21 13:00,18,18,0.0,92,10,1011,30,2
2024-04-21,29,18,23,09:00,2024-04-21 16:00,29,33,0.0,71,10,1011,80,0
2024-04-21,29,18,23,12:00,2024-04-21 19:00,28,32,1.6,85,10,1009,68,1
2024-04-21,29,18,23,15:00,2024-04-21 22:00,26,30,1.7,91,10,1008,71,2
2024-04-21,29,18,23,18:00,2024-04-22 01:00,24,27,0.4,94,10,1010,76,1
2024-04-21,29,18,23,21:00,2024-04-22 04:00,21,21,0.4,95,10,1011,59,1
2024-04-22,30,18,23,00:00,2024-04-22 07:00,21,21,0.0,92,10,1011,53,3
2024-04-22,30,18,23,03:00,2024-04-22 10:00,18,18,0.0,91,10,1010,76,3
2024-04-22,30,18,23,06:00,2024-04-22 13:00,18,18,0.0,88,10,1010,33,2
2024-04-22,30,18,23,09:00,2024-04-22 16:00,29,32,0.0,66,10,1011,54,2
2024-04-22,30,18,23,12:00,2024-04-22 19:00,28,32,1.5,81,10,1009,80,3
2024-04-22,30,18,23,15:00,2024-04-22 22:00,26,29,4.8,91,7,1008,83,5
2024-04-22,30,18,23,18:00,2024-04-23 01:00,24,26,1.7,94,10,1010,53,4
2024-04-22,30,18,23,21:00,2024-04-23 04:00,22,22,0.2,93,10,1012,53,3
2024-04-23,29,19,23,00:00,2024-04-23 07:00,20,20,0.0,94,10,1010,52,4
2024-04-23,29,19,23,03:00,2024-04-23 10:00,20,20,0.0,94,10,1009,55,4
2024-04-23,29,19,23,06:00,2024-04-23 13:00,20,20,0.0,93,10,1010,74,2
2024-04-23,29,19,23,09:00,2024-04-23 16:00,28,32,0.2,72,9,1011,88,1
2024-04-23,29,19,23,12:00,2024-04-23 19:00,28,32,1.5,83,10,1008,53,1
2024-04-23,29,19,23,15:00,2024-04-23 22:00,26,30,2.6,91,7,1007,70,2
2024-04-23,29,19,23,18:00,2024-04-24 01:00,24,27,4.1,96,7,1009,57,3
2024-04-23,29,19,23,21:00,2024-04-24 04:00,20,20,2.3,96,9,1011,70,5
2024-04-24,29,18,23,00:00,2024-04-24 07:00,22,25,0.1,94,2,1010,80,2
2024-04-24,29,18,23,03:00,2024-04-24 10:00,20,20,0.0,94,10,1009,77,2
2024-04-24,29,18,23,06:00,2024-04-24 13:00,19,19,0.0,93,10,1010,38,2
2024-04-24,29,18,23,09:00,2024-04-24 16:00,27,30,0.6,80,2,1011,79,3
2024-04-24,29,18,23,12:00,2024-04-24 19:00,28,32,1.2,80,10,1009,79,3
2024-04-24,29,18,23,15:00,2024-04-24 22:00,26,30,2.8,92,7,1007,75,3
2024-04-24,29,18,23,18:00,2024-04-25 01:00,23,26,9.8,96,3,1010,80,2
2024-04-24,29,18,23,21:00,2024-04-25 04:00,18,18,0.2,96,10,1012,74,3
2024-04-25,30,18,23,00:00,2024-04-25 07:00,19,19,0.0,89,10,1009,78,1
2024-04-25,30,18,23,03:00,2024-04-25 10:00,18,18,0.0,90,10,1009,45,2
2024-04-25,30,18,23,06:00,2024-04-25 13:00,18,18,0.0,89,10,1010,34,2
2024-04-25,30,18,23,09:00,2024-04-25 16:00,29,32,0.0,65,10,1010,24,5
2024-04-25,30,18,23,12:00,2024-04-25 19:00,30,34,0.5,67,9,1008,72,9
2024-04-25,30,18,23,15:00,2024-04-25 22:00,26,30,2.6,89,7,1007,61,9
2024-04-25,30,18,23,18:00,2024-04-26 01:00,24,26,0.6,95,10,1010,55,1
2024-04-25,30,18,23,21:00,2024-04-26 04:00,19,19,0.0,94,10,1011,79,2
2024-04-26,30,18,23,00:00,2024-04-26 07:00,18,18,0.2,92,9,1010,86,1
2024-04-26,30,18,23,03:00,2024-04-26 10:00,18,18,0.0,92,10,1009,27,0
2024-04-26,30,18,23,06:00,2024-04-26 13:00,19,19,0.0,90,10,1010,51,0
2024-04-26,30,18,23,09:00,2024-04-26 16:00,29,33,0.1,68,10,1011,80,6
2024-04-26,30,18,23,12:00,2024-04-26 19:00,29,34,1.8,76,9,1008,79,5
2024-04-26,30,18,23,15:00,2024-04-26 22:00,28,33,1.4,79,10,1007,79,6
2024-04-26,30,18,23,18:00,2024-04-27 01:00,25,27,0.0,91,10,1009,79,3
2024-04-26,30,18,23,21:00,2024-04-27 04:00,19,19,0.0,89,10,1011,52,2
2024-04-27,31,17,23,00:00,2024-04-27 07:00,17,17,0.0,88,10,1010,17,1
2024-04-27,31,17,23,03:00,2024-04-27 10:00,17,17,0.0,85,10,1009,17,2
2024-04-27,31,17,23,06:00,2024-04-27 13:00,18,18,0.0,82,10,1011,10,1
2024-04-27,31,17,23,09:00,2024-04-27 16:00,29,32,0.0,62,10,1011,11,8
2024-04-27,31,17,23,12:00,2024-04-27 19:00,31,35,0.0,58,10,1009,82,10
2024-04-27,31,17,23,15:00,2024-04-27 22:00,29,33,0.4,69,9,1008,85,8
2024-04-27,31,17,23,18:00,2024-04-28 01:00,25,27,0.0,92,10,1010,15,1
2024-04-27,31,17,23,21:00,2024-04-28 04:00,19,19,0.0,91,10,1012,11,1
2024-04-28,31,18,23,00:00,2024-04-28 07:00,19,19,0.0,91,10,1011,13,3
2024-04-28,31,18,23,03:00,2024-04-28 10:00,18,18,0.0,90,10,1010,14,2
2024-04-28,31,18,23,06:00,2024-04-28 13:00,18,18,0.0,89,10,1012,16,3
2024-04-28,31,18,23,09:00,2024-04-28 16:00,29,33,0.0,66,10,1012,22,1
2024-04-28,31,18,23,12:00,2024-04-28 19:00,29,34,0.7,73,9,1010,89,4
2024-04-28,31,18,23,15:00,2024-04-28 22:00,28,32,0.5,82,9,1009,86,2
2024-04-28,31,18,23,18:00,2024-04-29 01:00,25,27,0.1,94,10,1011,70,3
2024-04-28,31,18,23,21:00,2024-04-29 04:00,19,19,0.0,94,2,1013,35,6
2024-04-29,31,18,23,00:00,2024-04-29 07:00,18,18,0.0,93,10,1012,22,6
2024-04-29,31,18,23,03:00,2024-04-29 10:00,18,18,0.0,94,10,1011,27,5
2024-04-29,31,18,23,06:00,2024-04-29 13:00,18,18,0.0,92,10,1012,72,5
2024-04-29,31,18,23,09:00,2024-04-29 16:00,28,31,0.0,73,10,1012,85,3
2024-04-29,31,18,23,12:00,2024-04-29 19:00,30,34,0.4,65,9,1010,75,3
2024-04-29,31,18,23,15:00,2024-04-29 22:00,27,31,0.8,86,10,1008,63,0
2024-04-29,31,18,23,18:00,2024-04-30 01:00,25,28,0.1,94,10,1010,79,3
2024-04-29,31,18,23,21:00,2024-04-30 04:00,19,19,0.0,95,2,1012,51,4
2024-04-30,29,18,23,00:00,2024-04-30 07:00,18,18,0.0,94,2,1010,28,4
2024-04-30,29,18,23,03:00,2024-04-30 10:00,18,18,0.0,94,2,1009,31,4
2024-04-30,29,18,23,06:00,2024-04-30 13:00,18,18,0.0,93,10,1011,30,4
2024-04-30,29,18,23,09:00,2024-04-30 16:00,28,31,0.0,74,10,1011,78,3
2024-04-30,29,18,23,12:00,2024-04-30 19:00,29,33,0.3,70,9,1009,71,2
2024-04-30,29,18,23,15:00,2024-04-30 22:00,27,31,0.5,85,10,1008,60,1
2024-04-30,29,18,23,18:00,2024-05-01 01:00,24,27,0.0,94,10,1009,65,1
2024-04-30,29,18,23,21:00,2024-05-01 04:00,22,22,0.0,95,2,1011,54,3
2024-05-01,30,18,23,00:00,2024-05-01 07:00,18,18,0.0,95,2,1010,37,4
2024-05-01,30,18,23,03:00,2024-05-01 10:00,18,18,0.0,94,2,1009,30,4
2024-05-01,30,18,23,06:00,2024-05-01 13:00,18,18,0.0,93,10,1010,24,5
2024-05-01,30,18,23,09:00,2024-05-01 16:00,28,31,0.0,71,10,1010,86,3
2024-05-01,30,18,23,12:00,2024-05-01 19:00,30,33,0.1,66,10,1008,81,3
2024-05-01,30,18,23,15:00,2024-05-01 22:00,27,31,0.4,81,10,1007,75,1
2024-05-01,30,18,23,18:00,2024-05-02 01:00,24,27,0.0,94,10,1009,61,3
2024-05-01,30,18,23,21:00,2024-05-02 04:00,18,18,0.0,93,10,1011,40,4
2024-05-02,30,18,23,00:00,2024-05-02 07:00,18,18,0.0,95,2,1010,34,4
2024-05-02,30,18,23,03:00,2024-05-02 10:00,18,18,0.0,94,2,1009,29,5
2024-05-02,30,18,23,06:00,2024-05-02 13:00,18,18,0.0,93,10,1010,22,3
2024-05-02,30,18,23,09:00,2024-05-02 16:00,28,31,0.0,72,10,1010,89,2
2024-05-02,30,18,23,12:00,2024-05-02 19:00,29,33,0.5,71,9,1008,74,1
2024-05-02,30,18,23,15:00,2024-05-02 22:00,27,30,0.6,86,10,1008,82,3
2024-05-02,30,18,23,18:00,2024-05-03 01:00,24,27,0.1,93,10,1010,81,4
2024-05-02,30,18,23,21:00,2024-05-03 04:00,18,18,0.0,93,10,1012,87,5
2024-05-03,29,17,22,00:00,2024-05-03 07:00,17,17,0.0,92,10,1010,12,5
2024-05-03,29,17,22,03:00,2024-05-03 10:00,17,17,0.0,91,10,1010,12,6
2024-05-03,29,17,22,06:00,2024-05-03 13:00,18,18,0.0,91,10,1011,16,5
2024-05-03,29,17,22,09:00,2024-05-03 16:00,26,29,0.0,79,10,1012,70,2
2024-05-03,29,17,22,12:00,2024-05-03 19:00,28,32,0.4,71,9,1009,71,2
2024-05-03,29,17,22,15:00,2024-05-03 22:00,27,31,0.3,79,10,1008,61,1
2024-05-03,29,17,22,18:00,2024-05-04 01:00,24,27,0.0,93,10,1010,58,3
2024-05-03,29,17,22,21:00,2024-05-04 04:00,18,18,0.0,94,2,1012,38,5
2024-05-04,30,17,22,00:00,2024-05-04 07:00,18,18,0.0,93,10,1011,37,5
2024-05-04,30,17,22,03:00,2024-05-04 10:00,17,17,0.0,93,10,1010,87,6
2024-05-04,30,17,22,06:00,2024-05-04 13:00,17,17,0.0,93,10,1011,23,6
2024-05-04,30,17,22,09:00,2024-05-04 16:00,28,30,0.0,67,10,1011,72,4
2024-05-04,30,17,22,12:00,2024-05-04 19:00,30,33,0.1,62,10,1008,73,3
2024-05-04,30,17,22,15:00,2024-05-04 22:00,27,30,0.3,81,10,1007,60,4
2024-05-04,30,17,22,18:00,2024-05-05 01:00,24,26,0.1,93,10,1009,71,5
2024-05-04,30,17,22,21:00,2024-05-05 04:00,18,18,0.0,94,10,1011,72,5
2024-05-05,30,16,22,00:00,2024-05-05 07:00,17,17,0.0,92,10,1010,16,6
2024-05-05,30,16,22,03:00,2024-05-05 10:00,18,18,0.0,92,10,1010,79,6
2024-05-05,30,16,22,06:00,2024-05-05 13:00,16,16,0.0,91,10,1011,12,6
2024-05-05,30,16,22,09:00,2024-05-05 16:00,27,29,0.0,64,10,1011,5,4
2024-05-05,30,16,22,12:00,2024-05-05 19:00,30,32,0.4,57,9,1009,88,2
2024-05-05,30,16,22,15:00,2024-05-05 22:00,26,29,0.5,81,9,1008,75,4
2024-05-05,30,16,22,18:00,2024-05-06 01:00,23,25,0.0,92,10,1011,79,5
2024-05-05,30,16,22,21:00,2024-05-06 04:00,17,17,0.0,93,10,1012,30,5
2024-05-06,30,16,23,00:00,2024-05-06 07:00,16,16,0.0,87,10,1012,16,5
2024-05-06,30,16,23,03:00,2024-05-06 10:00,16,16,0.0,87,10,1011,32,6
2024-05-06,30,16,23,06:00,2024-05-06 13:00,17,17,0.0,82,10,1012,43,6
2024-05-06,30,16,23,09:00,2024-05-06 16:00,27,28,0.0,54,10,1012,32,4
2024-05-06,30,16,23,12:00,2024-05-06 19:00,30,31,0.0,49,10,1010,46,2
2024-05-06,30,16,23,15:00,2024-05-06 22:00,28,30,0.0,65,10,1009,80,4
2024-05-06,30,16,23,18:00,2024-05-07 01:00,23,25,0.0,88,10,1012,38,5
2024-05-06,30,16,23,21:00,2024-05-07 04:00,23,25,0.0,88,10,1014,32,5
2024-05-07,30,20,25,00:00,2024-05-07 07:00,20,20,0.0,83,10,1013,10,4
2024-05-07,30,20,25,03:00,2024-05-07 10:00,21,21,0.0,82,10,1012,7,5
2024-05-07,30,20,25,06:00,2024-05-07 13:00,22,22,0.0,83,10,1013,6,4
2024-05-07,30,20,25,09:00,2024-05-07 16:00,28,30,0.0,63,10,1013,5,2
2024-05-07,30,20,25,12:00,2024-05-07 19:00,30,33,0.0,58,10,1010,78,0
2024-05-07,30,20,25,15:00,2024-05-07 22:00,26,29,0.3,81,10,1010,59,4
2024-05-07,30,20,25,18:00,2024-05-08 01:00,24,27,0.1,93,10,1011,72,4
2024-05-07,30,20,25,21:00,2024-05-08 04:00,23,26,0.0,94,10,1013,72,4
2024-05-08,30,20,25,00:00,2024-05-08 07:00,23,25,0.0,93,10,1012,74,5
2024-05-08,30,20,25,03:00,2024-05-08 10:00,22,22,0.0,93,10,1011,87,4
2024-05-08,30,20,25,06:00,2024-05-08 13:00,22,25,0.0,92,10,1012,22,3
2024-05-08,30,20,25,09:00,2024-05-08 16:00,28,31,0.0,67,10,1012,16,1
2024-05-08,30,20,25,12:00,2024-05-08 19:00,29,32,0.6,67,10,1009,80,4
2024-05-08,30,20,25,15:00,2024-05-08 22:00,26,30,1.0,83,10,1009,54,2
2024-05-08,30,20,25,18:00,2024-05-09 01:00,24,26,0.2,93,9,1010,80,1
2024-05-08,30,20,25,21:00,2024-05-09 04:00,23,25,0.5,94,9,1012,76,2
2024-05-09,29,22,24,00:00,2024-05-09 07:00,23,25,0.1,93,10,1012,81,5
2024-05-09,29,22,24,03:00,2024-05-09 10:00,22,25,0.0,94,10,1011,77,5
2024-05-09,29,22,24,06:00,2024-05-09 13:00,22,22,0.0,92,10,1012,24,4
2024-05-09,29,22,24,09:00,2024-05-09 16:00,28,31,0.0,69,10,1012,42,0
2024-05-09,29,22,24,12:00,2024-05-09 19:00,27,31,1.1,80,10,1011,65,4
2024-05-09,29,22,24,15:00,2024-05-09 22:00,26,30,0.8,86,10,1010,76,4
2024-05-09,29,22,24,18:00,2024-05-10 01:00,23,26,2.3,94,9,1012,86,1
2024-05-09,29,22,24,21:00,2024-05-10 04:00,23,26,0.1,93,10,1014,71,0
2024-05-10,31,22,25,00:00,2024-05-10 07:00,22,25,0.0,94,10,1013,29,3
2024-05-10,31,22,25,03:00,2024-05-10 10:00,22,25,0.0,94,10,1012,29,4
2024-05-10,31,22,25,06:00,2024-05-10 13:00,22,22,0.0,93,10,1013,19,3
2024-05-10,31,22,25,09:00,2024-05-10 16:00,28,31,0.0,63,10,1013,6,5
2024-05-10,31,22,25,12:00,2024-05-10 19:00,31,33,0.1,54,10,1010,88,10
2024-05-10,31,22,25,15:00,2024-05-10 22:00,29,32,0.4,67,10,1010,71,9
2024-05-10,31,22,25,18:00,2024-05-11 01:00,24,26,0.0,91,10,1012,83,3
2024-05-10,31,22,25,21:00,2024-05-11 04:00,23,25,0.0,91,10,1014,10,3
2024-05-11,30,22,25,00:00,2024-05-11 07:00,23,25,0.0,88,10,1013,16,3
2024-05-11,30,22,25,03:00,2024-05-11 10:00,22,25,0.0,87,10,1012,17,3
2024-05-11,30,22,25,06:00,2024-05-11 13:00,23,25,0.0,86,10,1013,20,3
2024-05-11,30,22,25,09:00,2024-05-11 16:00,29,32,0.0,66,10,1013,84,1
2024-05-11,30,22,25,12:00,2024-05-11 19:00,29,33,0.4,69,9,1011,79,4
2024-05-11,30,22,25,15:00,2024-05-11 22:00,28,32,0.2,72,9,1010,79,4
2024-05-11,30,22,25,18:00,2024-05-12 01:00,24,26,0.0,92,10,1012,12,2
2024-05-11,30,22,25,21:00,2024-05-12 04:00,23,25,0.0,90,10,1013,5,3
2024-05-12,31,21,25,00:00,2024-05-12 07:00,23,25,0.0,84,10,1013,5,5
2024-05-12,31,21,25,03:00,2024-05-12 10:00,22,25,0.0,80,10,1012,4,3
2024-05-12,31,21,25,06:00,2024-05-12 13:00,22,25,0.0,79,10,1013,4,3
2024-05-12,31,21,25,09:00,2024-05-12 16:00,29,31,0.0,56,10,1013,4,3
2024-05-12,31,21,25,12:00,2024-05-12 19:00,31,34,0.0,52,10,1010,86,5
2024-05-12,31,21,25,15:00,2024-05-12 22:00,28,31,0.7,76,9,1009,81,4
2024-05-12,31,21,25,18:00,2024-05-13 01:00,24,26,0.0,92,10,1011,20,1
2024-05-12,31,21,25,21:00,2024-05-13 04:00,21,21,0.0,93,10,1013,22,3
2024-05-13,30,22,25,00:00,2024-05-13 07:00,23,25,0.0,92,10,1012,28,5
2024-05-13,30,22,25,03:00,2024-05-13 10:00,22,25,0.0,90,10,1011,14,5
2024-05-13,30,22,25,06:00,2024-05-13 13:00,22,25,0.0,87,10,1012,4,3
2024-05-13,30,22,25,09:00,2024-05-13 16:00,28,30,0.0,66,10,1012,4,1
2024-05-13,30,22,25,12:00,2024-05-13 19:00,30,33,0.2,59,9,1009,76,3
2024-05-13,30,22,25,15:00,2024-05-13 22:00,26,30,0.8,83,10,1009,55,3
2024-05-13,30,22,25,18:00,2024-05-14 01:00,24,26,0.1,93,10,1011,52,1
2024-05-13,30,22,25,21:00,2024-05-14 04:00,24,26,0.0,94,2,1013,52,3
2024-05-14,30,22,25,00:00,2024-05-14 07:00,23,25,0.0,94,2,1012,37,4
2024-05-14,30,22,25,03:00,2024-05-14 10:00,22,22,0.0,94,10,1011,82,4
2024-05-14,30,22,25,06:00,2024-05-14 13:00,22,22,0.0,90,10,1012,10,2
2024-05-14,30,22,25,09:00,2024-05-14 16:00,28,31,0.0,63,10,1012,9,3
2024-05-14,30,22,25,12:00,2024-05-14 19:00,30,33,0.1,61,10,1010,77,5
2024-05-14,30,22,25,15:00,2024-05-14 22:00,27,31,0.4,78,9,1009,83,4
2024-05-14,30,22,25,18:00,2024-05-15 01:00,24,26,0.4,93,10,1011,57,0
2024-05-14,30,22,25,21:00,2024-05-15 04:00,23,25,0.1,95,2,1014,79,3
2024-05-15,29,22,25,00:00,2024-05-15 07:00,23,25,0.0,94,2,1013,41,4
2024-05-15,29,22,25,03:00,2024-05-15 10:00,22,25,0.0,94,10,1012,72,5
2024-05-15,29,22,25,06:00,2024-05-15 13:00,22,25,0.0,92,10,1014,24,4
2024-05-15,29,22,25,09:00,2024-05-15 16:00,28,30,0.0,66,10,1014,75,2
2024-05-15,29,22,25,12:00,2024-05-15 19:00,29,32,0.1,62,10,1012,80,2
2024-05-15,29,22,25,15:00,2024-05-15 22:00,27,29,0.2,77,9,1011,74,2
2024-05-15,29,22,25,18:00,2024-05-16 01:00,24,26,0.0,90,10,1013,54,3
2024-05-15,29,22,25,21:00,2024-05-16 04:00,23,25,0.0,91,10,1014,12,5
2024-05-16,31,21,25,00:00,2024-05-16 07:00,22,22,0.0,83,10,1014,4,5
2024-05-16,31,21,25,03:00,2024-05-16 10:00,21,21,0.0,79,10,1013,3,5
2024-05-16,31,21,25,06:00,2024-05-16 13:00,22,22,0.0,75,10,1013,2,3
2024-05-16,31,21,25,09:00,2024-05-16 16:00,29,30,0.0,52,10,1013,0,0
2024-05-16,31,21,25,12:00,2024-05-16 19:00,31,33,0.0,49,10,1010,8,3
2024-05-16,31,21,25,15:00,2024-05-16 22:00,28,31,0.1,69,10,1010,55,1
2024-05-16,31,21,25,18:00,2024-05-17 01:00,24,27,0.0,91,10,1012,71,4
2024-05-16,31,21,25,21:00,2024-05-17 04:00,23,26,0.0,94,10,1014,34,5
2024-05-17,31,22,25,00:00,2024-05-17 07:00,23,25,0.0,93,10,1013,21,4
2024-05-17,31,22,25,03:00,2024-05-17 10:00,22,22,0.0,92,10,1012,14,4
2024-05-17,31,22,25,06:00,2024-05-17 13:00,22,22,0.0,89,10,1012,4,3
2024-05-17,31,22,25,09:00,2024-05-17 16:00,29,31,0.0,59,10,1012,4,3
2024-05-17,31,22,25,12:00,2024-05-17 19:00,31,34,0.0,53,10,1010,87,4
2024-05-17,31,22,25,15:00,2024-05-17 22:00,27,30,0.5,78,9,1009,71,3
2024-05-17,31,22,25,18:00,2024-05-18 01:00,24,27,0.0,92,10,1011,79,3
2024-05-17,31,22,25,21:00,2024-05-18 04:00,23,26,0.0,93,10,1013,27,5
2024-05-18,30,20,25,00:00,2024-05-18 07:00,22,25,0.0,93,10,1012,24,4
2024-05-18,30,20,25,03:00,2024-05-18 10:00,22,22,0.0,92,10,1011,20,5
2024-05-18,30,20,25,06:00,2024-05-18 13:00,20,21,0.0,91,10,1012,18,5
2024-05-18,30,20,25,09:00,2024-05-18 16:00,28,30,0.0,69,10,1012,89,2
2024-05-18,30,20,25,12:00,2024-05-18 19:00,30,33,0.1,58,10,1009,83,1
2024-05-18,30,20,25,15:00,2024-05-18 22:00,27,30,0.9,80,10,1008,74,3
2024-05-18,30,20,25,18:00,2024-05-19 01:00,24,26,0.2,91,9,1010,78,3
2024-05-18,30,20,25,21:00,2024-05-19 04:00,23,25,0.0,92,10,1012,27,5
2024-05-19,29,22,24,00:00,2024-05-19 07:00,23,25,0.0,92,10,1011,27,5
2024-05-19,29,22,24,03:00,2024-05-19 10:00,22,25,0.0,92,10,1010,77,6
2024-05-19,29,22,24,06:00,2024-05-19 13:00,22,22,0.0,90,10,1011,73,6
2024-05-19,29,22,24,09:00,2024-05-19 16:00,27,29,0.0,71,10,1011,79,4
2024-05-19,29,22,24,12:00,2024-05-19 19:00,29,32,0.2,63,10,1008,87,4
2024-05-19,29,22,24,15:00,2024-05-19 22:00,26,28,0.4,82,10,1008,83,3
2024-05-19,29,22,24,18:00,2024-05-20 01:00,24,26,0.1,91,10,1009,58,3
2024-05-19,29,22,24,21:00,2024-05-20 04:00,22,22,0.0,92,10,1011,89,4
2024-05-20,29,22,25,00:00,2024-05-20 07:00,22,25,0.0,93,10,1010,47,6
2024-05-20,29,22,25,03:00,2024-05-20 10:00,22,22,0.0,92,10,1009,26,5
2024-05-20,29,22,25,06:00,2024-05-20 13:00,22,25,0.0,90,10,1010,19,3
2024-05-20,29,22,25,09:00,2024-05-20 16:00,27,29,0.0,70,10,1011,73,4
2024-05-20,29,22,25,12:00,2024-05-20 19:00,29,32,0.2,65,9,1008,74,4
2024-05-20,29,22,25,15:00,2024-05-20 22:00,26,29,0.3,80,10,1008,78,2
2024-05-20,29,22,25,18:00,2024-05-21 01:00,24,26,0.1,92,10,1010,88,2
2024-05-20,29,22,25,21:00,2024-05-21 04:00,23,26,0.0,93,10,1012,86,5
2024-05-21,29,22,25,00:00,2024-05-21 07:00,22,25,0.0,93,10,1011,29,5
2024-05-21,29,22,25,03:00,2024-05-21 10:00,22,22,0.0,93,10,1010,25,5
2024-05-21,29,22,25,06:00,2024-05-21 13:00,22,25,0.0,91,10,1011,20,5
2024-05-21,29,22,25,09:00,2024-05-21 16:00,27,30,0.0,70,10,1011,79,3
2024-05-21,29,22,25,12:00,2024-05-21 19:00,29,32,0.1,66,10,1009,83,2
2024-05-21,29,22,25,15:00,2024-05-21 22:00,26,29,0.3,83,10,1008,73,1
2024-05-21,29,22,25,18:00,2024-05-22 01:00,24,27,0.2,93,10,1010,83,3
2024-05-21,29,22,25,21:00,2024-05-22 04:00,24,26,0.0,94,10,1011,89,4
2024-05-22,30,22,25,00:00,2024-05-22 07:00,22,25,0.0,93,10,1011,30,5
2024-05-22,30,22,25,03:00,2024-05-22 10:00,22,22,0.0,93,10,1010,23,5
2024-05-22,30,22,25,06:00,2024-05-22 13:00,22,25,0.0,90,10,1011,12,4
2024-05-22,30,22,25,09:00,2024-05-22 16:00,28,30,0.0,64,10,1011,7,1
2024-05-22,30,22,25,12:00,2024-05-22 19:00,30,33,0.2,59,9,1008,83,2
2024-05-22,30,22,25,15:00,2024-05-22 22:00,26,29,0.3,81,9,1008,71,1
2024-05-22,30,22,25,18:00,2024-05-23 01:00,24,26,0.0,92,10,1010,62,1
2024-05-22,30,22,25,21:00,2024-05-23 04:00,23,26,0.0,93,10,1011,32,4
2024-05-23,30,22,25,00:00,2024-05-23 07:00,23,25,0.0,94,2,1010,40,4
2024-05-23,30,22,25,03:00,2024-05-23 10:00,22,25,0.0,93,10,1009,39,4
2024-05-23,30,22,25,06:00,2024-05-23 13:00,22,25,0.0,92,10,1011,28,4
2024-05-23,30,22,25,09:00,2024-05-23 16:00,28,31,0.0,69,10,1011,8,0
2024-05-23,30,22,25,12:00,2024-05-23 19:00,30,33,0.3,60,9,1009,77,4
2024-05-23,30,22,25,15:00,2024-05-23 22:00,26,29,0.8,82,10,1008,70,1
2024-05-23,30,22,25,18:00,2024-05-24 01:00,24,26,0.0,91,10,1010,76,0
2024-05-23,30,22,25,21:00,2024-05-24 04:00,23,26,0.0,93,10,1012,28,3
2024-05-24,31,22,25,00:00,2024-05-24 07:00,23,25,0.0,93,10,1010,25,3
2024-05-24,31,22,25,03:00,2024-05-24 10:00,22,25,0.0,93,10,1009,23,5
2024-05-24,31,22,25,06:00,2024-05-24 13:00,23,25,0.0,91,10,1010,18,4
2024-05-24,31,22,25,09:00,2024-05-24 16:00,29,32,0.0,63,10,1011,13,0
2024-05-24,31,22,25,12:00,2024-05-24 19:00,31,34,0.3,58,9,1008,88,4
2024-05-24,31,22,25,15:00,2024-05-24 22:00,26,30,1.1,85,10,1008,70,1
2024-05-24,31,22,25,18:00,2024-05-25 01:00,24,26,0.7,93,9,1010,82,3
2024-05-24,31,22,25,21:00,2024-05-25 04:00,24,26,0.1,93,10,1012,77,5
2024-05-25,28,23,25,00:00,2024-05-25 07:00,23,26,0.1,93,10,1011,89,5
2024-05-25,28,23,25,03:00,2024-05-25 10:00,23,25,0.1,93,10,1011,81,4
2024-05-25,28,23,25,06:00,2024-05-25 13:00,23,25,0.0,90,10,1012,22,5
2024-05-25,28,23,25,09:00,2024-05-25 16:00,27,30,0.0,77,10,1012,82,4
2024-05-25,28,23,25,12:00,2024-05-25 19:00,27,30,1.1,81,10,1010,88,4
2024-05-25,28,23,25,15:00,2024-05-25 22:00,27,30,1.3,82,10,1009,83,4
2024-05-25,28,23,25,18:00,2024-05-26 01:00,24,26,0.0,93,10,1012,75,5
2024-05-25,28,23,25,21:00,2024-05-26 04:00,23,25,0.0,93,10,1013,32,6
2024-05-26,29,22,25,00:00,2024-05-26 07:00,23,25,0.0,90,10,1013,73,7
2024-05-26,29,22,25,03:00,2024-05-26 10:00,23,25,0.0,90,10,1012,17,5
2024-05-26,29,22,25,06:00,2024-05-26 13:00,23,25,0.0,89,10,1013,17,5
2024-05-26,29,22,25,09:00,2024-05-26 16:00,27,30,0.0,72,10,1013,70,5
2024-05-26,29,22,25,12:00,2024-05-26 19:00,29,32,0.7,69,9,1010,70,5
2024-05-26,29,22,25,15:00,2024-05-26 22:00,26,29,0.9,84,10,1010,70,3
2024-05-26,29,22,25,18:00,2024-05-27 01:00,24,26,0.1,93,10,1011,74,6
2024-05-26,29,22,25,21:00,2024-05-27 04:00,23,25,0.0,93,10,1013,89,6
2024-05-27,30,22,25,00:00,2024-05-27 07:00,23,25,0.0,91,10,1012,21,6
2024-05-27,30,22,25,03:00,2024-05-27 10:00,23,25,0.0,91,10,1011,19,5
2024-05-27,30,22,25,06:00,2024-05-27 13:00,23,25,0.0,89,10,1012,11,5
2024-05-27,30,22,25,09:00,2024-05-27 16:00,28,30,0.0,69,10,1013,77,2
2024-05-27,30,22,25,12:00,2024-05-27 19:00,30,33,0.5,61,9,1010,76,2
2024-05-27,30,22,25,15:00,2024-05-27 22:00,27,30,1.2,84,10,1009,55,1
2024-05-27,30,22,25,18:00,2024-05-28 01:00,24,26,0.1,93,10,1011,83,4
2024-05-27,30,22,25,21:00,2024-05-28 04:00,23,26,0.0,94,10,1013,31,4
2024-05-28,30,22,25,00:00,2024-05-28 07:00,23,25,0.0,93,10,1012,19,4
2024-05-28,30,22,25,03:00,2024-05-28 10:00,22,25,0.0,92,10,1011,20,3
2024-05-28,30,22,25,06:00,2024-05-28 13:00,22,25,0.0,91,10,1012,14,1
2024-05-28,30,22,25,09:00,2024-05-28 16:00,28,31,0.0,66,10,1013,13,5
2024-05-28,30,22,25,12:00,2024-05-28 19:00,30,33,0.1,61,10,1010,76,8
2024-05-28,30,22,25,15:00,2024-05-28 22:00,28,31,0.3,72,9,1009,85,6
2024-05-28,30,22,25,18:00,2024-05-29 01:00,24,26,0.0,92,10,1011,25,4
2024-05-28,30,22,25,21:00,2024-05-29 04:00,23,25,0.0,92,10,1013,16,1
2024-05-29,31,21,25,00:00,2024-05-29 07:00,22,25,0.0,92,10,1012,12,1
2024-05-29,31,21,25,03:00,2024-05-29 10:00,21,21,0.0,87,10,1011,17,2
2024-05-29,31,21,25,06:00,2024-05-29 13:00,21,21,0.0,81,10,1012,14,1
2024-05-29,31,21,25,09:00,2024-05-29 16:00,29,31,0.0,54,10,1012,8,4
2024-05-29,31,21,25,12:00,2024-05-29 19:00,30,33,0.1,57,10,1010,87,7
2024-05-29,31,21,25,15:00,2024-05-29 22:00,28,31,0.6,77,9,1009,89,7
2024-05-29,31,21,25,18:00,2024-05-30 01:00,24,26,0.2,91,9,1011,85,2
2024-05-29,31,21,25,21:00,2024-05-30 04:00,23,25,0.0,92,10,1013,74,3
2024-05-30,30,22,25,00:00,2024-05-30 07:00,23,25,0.0,92,10,1012,17,3
2024-05-30,30,22,25,03:00,2024-05-30 10:00,22,25,0.0,91,10,1011,12,4
2024-05-30,30,22,25,06:00,2024-05-30 13:00,22,25,0.0,90,10,1012,10,4
2024-05-30,30,22,25,09:00,2024-05-30 16:00,29,31,0.0,64,10,1013,17,1
2024-05-30,30,22,25,12:00,2024-05-30 19:00,30,33,0.1,58,10,1010,82,3
2024-05-30,30,22,25,15:00,2024-05-30 22:00,28,31,0.2,78,9,1010,72,1
2024-05-30,30,22,25,18:00,2024-05-31 01:00,24,27,0.0,92,10,1012,78,3
2024-05-30,30,22,25,21:00,2024-05-31 04:00,23,26,0.0,94,10,1013,35,5
2024-05-31,30,22,25,00:00,2024-05-31 07:00,23,25,0.0,94,10,1013,34,6
2024-05-31,30,22,25,03:00,2024-05-31 10:00,22,25,0.0,92,10,1012,16,5
2024-05-31,30,22,25,06:00,2024-05-31 13:00,23,25,0.0,88,10,1013,8,5
2024-05-31,30,22,25,09:00,2024-05-31 16:00,28,31,0.0,65,10,1013,12,3
2024-05-31,30,22,25,12:00,2024-05-31 19:00,30,33,0.4,65,10,1011,80,1
2024-05-31,30,22,25,15:00,2024-05-31 22:00,26,30,0.8,85,10,1010,66,5
2024-05-31,30,22,25,18:00,2024-06-01 01:00,24,27,0.1,94,10,1012,78,5
2024-05-31,30,22,25,21:00,2024-06-01 04:00,23,26,0.1,94,10,1014,77,6
