bus_id,route_id,imei,latitude,longitude,speed,time,flag
33,10,d2:18:57:29:37:7,-7.93324,112.60354,10,"2024-01-17 14:27:47",1
33,10,fb:fd:2a:a8:e2:b,-7.93680,112.62644,10,"2024-01-17 14:49:56",0
33,10,fb:fd:2a:a8:e2:b,-7.93680,112.62644,10,"2024-01-17 14:50:06",0
33,10,fb:fd:2a:a8:e2:b,-7.93680,112.62644,10,"2024-01-17 14:50:21",1
33,11,fb:fd:2a:a8:e2:b,-7.93681,112.62644,10,"2024-01-17 14:50:41",0
33,11,fb:fd:2a:a8:e2:b,-7.93681,112.62644,10,"2024-01-17 14:50:51",0
33,11,fb:fd:2a:a8:e2:b,-7.93681,112.62644,10,"2024-01-17 14:51:01",1
33,11,fb:fd:2a:a8:e2:b,-7.93681,112.62644,10,"2024-01-17 14:56:36",0
33,11,fb:fd:2a:a8:e2:b,-7.93681,112.62644,10,"2024-01-17 14:56:46",0
33,11,fb:fd:2a:a8:e2:b,-7.93681,112.62644,10,"2024-01-17 14:56:46",0
33,11,fb:fd:2a:a8:e2:b,-7.93681,112.62644,10,"2024-01-17 14:56:51",0
33,11,fb:fd:2a:a8:e2:b,-7.93681,112.62644,10,"2024-01-17 14:56:51",0
33,11,fb:fd:2a:a8:e2:b,-7.93681,112.62644,10,"2024-01-17 14:56:57",0
33,11,fb:fd:2a:a8:e2:b,-7.93681,112.62644,10,"2024-01-17 14:56:57",0
33,11,fb:fd:2a:a8:e2:b,-7.93681,112.62644,10,"2024-01-17 14:56:58",0
33,11,fb:fd:2a:a8:e2:b,-7.93681,112.62644,10,"2024-01-17 14:56:58",0
33,11,fb:fd:2a:a8:e2:b,-7.93681,112.62644,10,"2024-01-17 14:57:02",1
33,11,fb:fd:2a:a8:e2:b,-7.93681,112.62644,10,"2024-01-17 14:57:02",1
33,11,fb:fd:2a:a8:e2:b,-7.93681,112.62644,10,"2024-01-17 14:57:02",1
33,11,fb:fd:2a:a8:e2:b,-7.93681,112.62644,10,"2024-01-17 14:57:02",1
33,11,fb:fd:2a:a8:e2:b,-7.93681,112.62644,10,"2024-01-17 14:57:03",0
33,11,fb:fd:2a:a8:e2:b,-7.93681,112.62644,10,"2024-01-17 14:57:04",1
33,11,fb:fd:2a:a8:e2:b,-7.93681,112.62644,10,"2024-01-17 14:57:54",0
33,11,fb:fd:2a:a8:e2:b,-7.93681,112.62644,10,"2024-01-17 14:57:59",1
33,11,fb:fd:2a:a8:e2:b,-7.93681,112.62644,10,"2024-01-17 14:59:23",1
33,11,fb:fd:2a:a8:e2:b,-7.93681,112.62644,10,"2024-01-17 15:03:39",1
33,11,fb:fd:2a:a8:e2:b,-7.93681,112.62644,10,"2024-01-17 15:04:00",0
33,11,fb:fd:2a:a8:e2:b,-7.93681,112.62644,10,"2024-01-17 15:04:00",0
33,11,fb:fd:2a:a8:e2:b,-7.93681,112.62644,10,"2024-01-17 15:04:05",0
33,11,fb:fd:2a:a8:e2:b,-7.93681,112.62644,10,"2024-01-17 15:04:05",0
33,11,fb:fd:2a:a8:e2:b,-7.93681,112.62644,10,"2024-01-17 15:04:11",0
33,11,fb:fd:2a:a8:e2:b,-7.93681,112.62644,10,"2024-01-17 15:04:11",0
33,11,fb:fd:2a:a8:e2:b,-7.93681,112.62644,10,"2024-01-17 15:04:12",0
33,11,fb:fd:2a:a8:e2:b,-7.93681,112.62644,10,"2024-01-17 15:04:12",0
33,11,fb:fd:2a:a8:e2:b,-7.93681,112.62644,10,"2024-01-17 15:04:17",0
33,11,fb:fd:2a:a8:e2:b,-7.93681,112.62644,10,"2024-01-17 15:04:17",0
33,11,fb:fd:2a:a8:e2:b,-7.93681,112.62644,10,"2024-01-17 15:04:17",0
33,11,fb:fd:2a:a8:e2:b,-7.93681,112.62644,10,"2024-01-17 15:04:17",0
33,11,fb:fd:2a:a8:e2:b,-7.93681,112.62644,10,"2024-01-17 15:04:17",0
33,11,fb:fd:2a:a8:e2:b,-7.93681,112.62644,10,"2024-01-17 15:04:17",0
33,11,fb:fd:2a:a8:e2:b,-7.93681,112.62644,10,"2024-01-17 15:04:21",0
33,11,fb:fd:2a:a8:e2:b,-7.93681,112.62644,10,"2024-01-17 15:04:21",0
33,11,fb:fd:2a:a8:e2:b,-7.93681,112.62644,10,"2024-01-17 15:04:21",0
33,11,fb:fd:2a:a8:e2:b,-7.93681,112.62644,10,"2024-01-17 15:04:21",0
33,11,fb:fd:2a:a8:e2:b,-7.93681,112.62644,10,"2024-01-17 15:04:21",0
33,11,fb:fd:2a:a8:e2:b,-7.93681,112.62644,10,"2024-01-17 15:04:21",0
33,11,fb:fd:2a:a8:e2:b,-7.93681,112.62644,10,"2024-01-17 15:04:23",0
33,11,fb:fd:2a:a8:e2:b,-7.93681,112.62644,10,"2024-01-17 15:04:23",0
33,11,fb:fd:2a:a8:e2:b,-7.93681,112.62644,10,"2024-01-17 15:04:23",0
33,11,fb:fd:2a:a8:e2:b,-7.93681,112.62644,10,"2024-01-17 15:04:23",0
33,11,fb:fd:2a:a8:e2:b,-7.93681,112.62644,10,"2024-01-17 15:04:36",0
33,11,fb:fd:2a:a8:e2:b,-7.93681,112.62644,10,"2024-01-17 15:04:36",0
33,11,fb:fd:2a:a8:e2:b,-7.93681,112.62644,10,"2024-01-17 15:04:40",0
33,11,fb:fd:2a:a8:e2:b,-7.93681,112.62644,10,"2024-01-17 15:04:40",0
33,11,fb:fd:2a:a8:e2:b,-7.93681,112.62644,10,"2024-01-17 15:04:40",0
33,11,fb:fd:2a:a8:e2:b,-7.93681,112.62644,10,"2024-01-17 15:04:42",0
33,11,fb:fd:2a:a8:e2:b,-7.93681,112.62644,10,"2024-01-17 15:04:44",0
33,11,fb:fd:2a:a8:e2:b,-7.93681,112.62644,10,"2024-01-17 15:04:45",0
33,11,fb:fd:2a:a8:e2:b,-7.93681,112.62644,10,"2024-01-17 15:04:45",0
33,11,fb:fd:2a:a8:e2:b,-7.93681,112.62644,10,"2024-01-17 15:04:45",0
33,11,fb:fd:2a:a8:e2:b,-7.93681,112.62644,10,"2024-01-17 15:04:45",0
33,11,fb:fd:2a:a8:e2:b,-7.93681,112.62644,10,"2024-01-17 15:04:45",0
33,11,fb:fd:2a:a8:e2:b,-7.93681,112.62644,10,"2024-01-17 15:04:45",0
33,11,fb:fd:2a:a8:e2:b,-7.93681,112.62644,10,"2024-01-17 15:04:45",0
33,11,fb:fd:2a:a8:e2:b,-7.93681,112.62644,10,"2024-01-17 15:04:45",0
33,11,fb:fd:2a:a8:e2:b,-7.93681,112.62644,10,"2024-01-17 15:04:46",0
33,11,fb:fd:2a:a8:e2:b,-7.93681,112.62644,10,"2024-01-17 15:04:46",0
33,11,fb:fd:2a:a8:e2:b,-7.93681,112.62644,10,"2024-01-17 15:04:46",0
33,11,fb:fd:2a:a8:e2:b,-7.93681,112.62644,10,"2024-01-17 15:04:46",0
33,11,fb:fd:2a:a8:e2:b,-7.93681,112.62644,10,"2024-01-17 15:04:46",0
33,11,fb:fd:2a:a8:e2:b,-7.93681,112.62644,10,"2024-01-17 15:04:46",0
33,11,fb:fd:2a:a8:e2:b,-7.93681,112.62644,10,"2024-01-17 15:04:52",1
33,11,fb:fd:2a:a8:e2:b,-7.93681,112.62644,10,"2024-01-17 15:04:53",0
33,11,fb:fd:2a:a8:e2:b,-7.93681,112.62644,10,"2024-01-17 15:04:57",0
33,11,fb:fd:2a:a8:e2:b,-7.93681,112.62644,10,"2024-01-17 15:04:59",0
33,11,fb:fd:2a:a8:e2:b,-7.93681,112.62644,10,"2024-01-17 15:05:00",0
33,11,fb:fd:2a:a8:e2:b,-7.93681,112.62644,10,"2024-01-17 15:05:15",1
33,11,fb:fd:2a:a8:e2:b,-7.93681,112.62644,10,"2024-01-17 15:09:24",0
33,11,fb:fd:2a:a8:e2:b,-7.93681,112.62644,10,"2024-01-17 15:09:34",1
33,11,fb:fd:2a:a8:e2:b,-7.93681,112.62644,10,"2024-01-17 15:09:49",0
33,11,fb:fd:2a:a8:e2:b,-7.93681,112.62644,10,"2024-01-17 15:10:00",0
33,11,fb:fd:2a:a8:e2:b,-7.93681,112.62644,10,"2024-01-17 15:10:10",1
33,11,fb:fd:2a:a8:e2:b,-7.93681,112.62644,10,"2024-01-17 15:14:43",0
33,11,fb:fd:2a:a8:e2:b,-7.93681,112.62644,10,"2024-01-17 15:14:52",0
33,11,fb:fd:2a:a8:e2:b,-7.93681,112.62644,10,"2024-01-17 15:15:03",1
33,11,fb:fd:2a:a8:e2:b,-7.93681,112.62644,10,"2024-01-17 15:15:13",0
33,11,fb:fd:2a:a8:e2:b,-7.93681,112.62644,10,"2024-01-17 15:15:24",0
33,11,fb:fd:2a:a8:e2:b,-7.93681,112.62644,10,"2024-01-17 15:15:34",0
33,11,fb:fd:2a:a8:e2:b,-7.93681,112.62644,10,"2024-01-17 15:15:45",1
33,11,fb:fd:2a:a8:e2:b,-7.93681,112.62644,10,"2024-01-17 15:16:11",0
33,11,fb:fd:2a:a8:e2:b,-7.93681,112.62644,10,"2024-01-17 15:16:21",1
33,11,fb:fd:2a:a8:e2:b,-7.93681,112.62644,10,"2024-01-17 15:16:32",0
33,11,fb:fd:2a:a8:e2:b,-7.93681,112.62644,10,"2024-01-17 15:16:52",0
33,11,fb:fd:2a:a8:e2:b,-7.93681,112.62644,10,"2024-01-17 15:17:03",1
33,11,fb:fd:2a:a8:e2:b,-7.93681,112.62644,10,"2024-01-17 15:17:14",0
33,11,fb:fd:2a:a8:e2:b,-7.93681,112.62644,10,"2024-01-17 15:17:29",0
33,11,fb:fd:2a:a8:e2:b,-7.93681,112.62644,10,"2024-01-17 15:17:39",0
33,11,fb:fd:2a:a8:e2:b,-7.93681,112.62644,10,"2024-01-17 15:17:50",1
33,11,fb:fd:2a:a8:e2:b,-7.93681,112.62644,10,"2024-01-17 15:18:00",0
33,11,fb:fd:2a:a8:e2:b,-7.93681,112.62644,10,"2024-01-17 15:18:11",0
33,11,fb:fd:2a:a8:e2:b,-7.93681,112.62644,10,"2024-01-17 15:18:26",1
33,11,fb:fd:2a:a8:e2:b,-7.93681,112.62644,10,"2024-01-17 15:18:37",0
33,11,fb:fd:2a:a8:e2:b,-7.93681,112.62644,10,"2024-01-17 15:18:48",0
33,11,fb:fd:2a:a8:e2:b,-7.93681,112.62644,10,"2024-01-17 15:19:03",0
33,11,fb:fd:2a:a8:e2:b,-7.93681,112.62644,10,"2024-01-17 15:19:14",1
33,11,fb:fd:2a:a8:e2:b,-7.93681,112.62644,10,"2024-01-17 15:19:24",0
33,11,fb:fd:2a:a8:e2:b,-7.93681,112.62644,10,"2024-01-17 15:19:35",0
33,11,fb:fd:2a:a8:e2:b,-7.93681,112.62644,10,"2024-01-17 15:19:44",0
33,11,fb:fd:2a:a8:e2:b,-7.93681,112.62644,10,"2024-01-17 15:19:55",1
33,11,fb:fd:2a:a8:e2:b,-7.93681,112.62644,10,"2024-01-17 15:20:06",0
33,11,fb:fd:2a:a8:e2:b,-7.93681,112.62644,10,"2024-01-17 15:20:16",0
33,11,fb:fd:2a:a8:e2:b,-7.93681,112.62644,10,"2024-01-17 15:20:26",0
33,11,fb:fd:2a:a8:e2:b,-7.93681,112.62644,10,"2024-01-17 15:20:37",1
33,11,fb:fd:2a:a8:e2:b,-7.93681,112.62644,10,"2024-01-17 15:20:53",1
33,10,fb:fd:2a:a8:e2:b,-7.93324,112.60354,10,"2024-01-18 09:29:34",0
33,10,fb:fd:2a:a8:e2:b,-7.93324,112.60354,10,"2024-01-18 09:29:45",1
33,10,fb:fd:2a:a8:e2:b,-7.93324,112.60354,10,"2024-01-18 09:30:06",0
33,10,fb:fd:2a:a8:e2:b,-7.93324,112.60354,10,"2024-01-18 09:30:16",0
33,10,fb:fd:2a:a8:e2:b,-7.93324,112.60354,10,"2024-01-18 09:30:37",0
33,10,fb:fd:2a:a8:e2:b,-7.93324,112.60354,10,"2024-01-18 09:30:47",1
33,10,fb:fd:2a:a8:e2:b,-7.93324,112.60354,10,"2024-01-18 09:30:58",0
33,10,fb:fd:2a:a8:e2:b,-7.93324,112.60354,10,"2024-01-18 09:31:10",0
33,10,fb:fd:2a:a8:e2:b,-7.93324,112.60354,10,"2024-01-18 09:31:19",0
33,10,fb:fd:2a:a8:e2:b,-7.93324,112.60354,10,"2024-01-18 09:31:35",1
33,10,fb:fd:2a:a8:e2:b,-7.93324,112.60354,10,"2024-01-18 09:31:45",0
33,10,fb:fd:2a:a8:e2:b,-7.93324,112.60354,10,"2024-01-18 09:31:56",1
33,10,fb:fd:2a:a8:e2:b,-7.95658,112.61276,10,"2024-01-18 10:45:42",0
33,10,fb:fd:2a:a8:e2:b,-7.95658,112.61276,10,"2024-01-18 10:45:55",0
33,10,fb:fd:2a:a8:e2:b,-7.95658,112.61276,10,"2024-01-18 10:46:08",1
33,10,fb:fd:2a:a8:e2:b,-7.95658,112.61276,10,"2024-01-18 10:46:15",0
33,10,fb:fd:2a:a8:e2:b,-7.95658,112.61276,10,"2024-01-18 10:46:28",0
33,10,fb:fd:2a:a8:e2:b,-7.95658,112.61276,10,"2024-01-18 10:46:44",0
33,10,fb:fd:2a:a8:e2:b,-7.95658,112.61276,10,"2024-01-18 10:46:48",0
33,10,fb:fd:2a:a8:e2:b,-7.95658,112.61276,10,"2024-01-18 10:46:54",1
33,10,fb:fd:2a:a8:e2:b,-7.95658,112.61276,10,"2024-01-18 10:46:59",1
33,10,fb:fd:2a:a8:e2:b,-7.94979,112.61559,10,"2024-01-18 11:00:27",1
33,10,fb:fd:2a:a8:e2:b,-7.94979,112.61559,10,"2024-01-18 11:00:58",0
33,10,fb:fd:2a:a8:e2:b,-7.94979,112.61559,10,"2024-01-18 11:01:14",0
33,10,fb:fd:2a:a8:e2:b,-7.94979,112.61559,10,"2024-01-18 11:01:23",1
33,10,fb:fd:2a:a8:e2:b,-7.94979,112.61559,10,"2024-01-18 11:01:34",0
33,10,fb:fd:2a:a8:e2:b,-7.94979,112.61559,10,"2024-01-18 11:01:50",1
33,10,fb:fd:2a:a8:e2:b,-7.94979,112.61559,10,"2024-01-18 11:02:17",0
33,10,fb:fd:2a:a8:e2:b,-7.94979,112.61559,10,"2024-01-18 11:02:34",1
33,10,fb:fd:2a:a8:e2:b,-7.96334,112.62548,10,"2024-01-18 11:26:17",1
33,10,fb:fd:2a:a8:e2:b,-7.96334,112.62548,10,"2024-01-18 11:27:03",1
33,10,fb:fd:2a:a8:e2:b,-7.96334,112.62548,10,"2024-01-18 11:27:19",0
33,10,fb:fd:2a:a8:e2:b,-7.96334,112.62548,10,"2024-01-18 11:27:30",0
33,10,fb:fd:2a:a8:e2:b,-7.96334,112.62548,10,"2024-01-18 11:27:40",0
33,10,fb:fd:2a:a8:e2:b,-7.96334,112.62548,10,"2024-01-18 11:27:51",1
33,10,fb:fd:2a:a8:e2:b,-7.96334,112.62548,10,"2024-01-18 11:28:01",0
33,10,fb:fd:2a:a8:e2:b,-7.96334,112.62548,10,"2024-01-18 11:28:12",0
33,10,fb:fd:2a:a8:e2:b,-7.96334,112.62548,10,"2024-01-18 11:28:33",1
33,10,fb:fd:2a:a8:e2:b,-7.96334,112.62548,10,"2024-01-18 11:28:49",0
33,10,fb:fd:2a:a8:e2:b,-7.96334,112.62548,10,"2024-01-18 11:28:59",0
33,10,fb:fd:2a:a8:e2:b,-7.96334,112.62548,10,"2024-01-18 11:29:09",0
33,10,fb:fd:2a:a8:e2:b,-7.96334,112.62548,10,"2024-01-18 11:29:27",1
33,10,fb:fd:2a:a8:e2:b,-7.96334,112.62548,10,"2024-01-18 11:29:35",0
33,10,fb:fd:2a:a8:e2:b,-7.96334,112.62548,10,"2024-01-18 11:29:46",0
33,10,fb:fd:2a:a8:e2:b,-7.96334,112.62548,10,"2024-01-18 11:30:07",1
33,10,fb:fd:2a:a8:e2:b,-7.96334,112.62548,10,"2024-01-18 11:30:17",0
33,10,fb:fd:2a:a8:e2:b,-7.96334,112.62548,10,"2024-01-18 11:30:28",0
33,10,fb:fd:2a:a8:e2:b,-7.96334,112.62548,10,"2024-01-18 11:30:41",0
33,10,fb:fd:2a:a8:e2:b,-7.96334,112.62548,10,"2024-01-18 11:30:48",0
33,10,fb:fd:2a:a8:e2:b,-7.96334,112.62548,10,"2024-01-18 11:30:59",1
33,10,fb:fd:2a:a8:e2:b,-7.96334,112.62548,10,"2024-01-18 11:31:09",0
33,10,fb:fd:2a:a8:e2:b,-7.96334,112.62548,10,"2024-01-18 11:31:25",1
33,10,fb:fd:2a:a8:e2:b,-7.97223,112.62190,10,"2024-01-18 11:34:24",1
33,10,fb:fd:2a:a8:e2:b,-7.97223,112.62190,10,"2024-01-18 11:34:44",0
33,10,fb:fd:2a:a8:e2:b,-7.97223,112.62190,10,"2024-01-18 11:34:51",0
33,10,fb:fd:2a:a8:e2:b,-7.97223,112.62190,10,"2024-01-18 11:34:56",0
33,10,fb:fd:2a:a8:e2:b,-7.97223,112.62190,10,"2024-01-18 11:35:04",0
33,10,fb:fd:2a:a8:e2:b,-7.97223,112.62190,10,"2024-01-18 11:35:15",0
33,10,fb:fd:2a:a8:e2:b,-7.97223,112.62190,10,"2024-01-18 11:35:25",1
33,10,fb:fd:2a:a8:e2:b,-7.97223,112.62190,10,"2024-01-18 11:35:35",0
33,10,fb:fd:2a:a8:e2:b,-7.97223,112.62190,10,"2024-01-18 11:35:43",0
33,10,fb:fd:2a:a8:e2:b,-7.97223,112.62190,10,"2024-01-18 11:35:51",0
33,10,fb:fd:2a:a8:e2:b,-7.97223,112.62190,10,"2024-01-18 11:36:02",1
33,10,fb:fd:2a:a8:e2:b,-7.97223,112.62190,10,"2024-01-18 11:36:19",1
33,10,fb:fd:2a:a8:e2:b,-7.97693,112.63340,10,"2024-01-18 11:51:22",0
33,10,fb:fd:2a:a8:e2:b,-7.97693,112.63340,10,"2024-01-18 11:51:40",1
33,10,fb:fd:2a:a8:e2:b,-7.97693,112.63340,10,"2024-01-18 11:52:09",0
33,10,fb:fd:2a:a8:e2:b,-7.97693,112.63340,10,"2024-01-18 11:52:19",0
33,10,fb:fd:2a:a8:e2:b,-7.97693,112.63340,10,"2024-01-18 11:52:28",1
33,10,fb:fd:2a:a8:e2:b,-7.97693,112.63340,10,"2024-01-18 11:52:45",0
33,10,fb:fd:2a:a8:e2:b,-7.97693,112.63340,10,"2024-01-18 11:53:00",1
33,10,fb:fd:2a:a8:e2:b,-7.97693,112.63340,10,"2024-01-18 11:53:21",0
33,10,fb:fd:2a:a8:e2:b,-7.97693,112.63340,10,"2024-01-18 11:53:31",0
33,10,fb:fd:2a:a8:e2:b,-7.97693,112.63340,10,"2024-01-18 11:53:42",0
33,10,fb:fd:2a:a8:e2:b,-7.97693,112.63340,10,"2024-01-18 11:53:57",1
33,10,fb:fd:2a:a8:e2:b,-7.97693,112.63340,10,"2024-01-18 11:54:08",1
33,10,fb:fd:2a:a8:e2:b,-7.97223,112.62190,10,"2024-01-18 11:58:03",1
33,11,fb:fd:2a:a8:e2:b,-7.96344,112.62536,10,"2024-01-18 12:01:06",0
33,11,fb:fd:2a:a8:e2:b,-7.96344,112.62536,10,"2024-01-18 12:01:16",1
33,11,fb:fd:2a:a8:e2:b,-7.96344,112.62536,10,"2024-01-18 12:01:26",0
33,11,fb:fd:2a:a8:e2:b,-7.96344,112.62536,10,"2024-01-18 12:01:42",0
33,11,fb:fd:2a:a8:e2:b,-7.96344,112.62536,10,"2024-01-18 12:01:53",0
33,11,fb:fd:2a:a8:e2:b,-7.96344,112.62536,10,"2024-01-18 12:02:03",0
33,11,fb:fd:2a:a8:e2:b,-7.96344,112.62536,10,"2024-01-18 12:02:14",1
33,11,fb:fd:2a:a8:e2:b,-7.96344,112.62536,10,"2024-01-18 12:02:24",0
33,11,fb:fd:2a:a8:e2:b,-7.96344,112.62536,10,"2024-01-18 12:02:36",0
33,11,fb:fd:2a:a8:e2:b,-7.96344,112.62536,10,"2024-01-18 12:02:45",0
33,11,fb:fd:2a:a8:e2:b,-7.96344,112.62536,10,"2024-01-18 12:03:00",1
33,11,fb:fd:2a:a8:e2:b,-7.96344,112.62536,10,"2024-01-18 12:03:11",0
33,11,fb:fd:2a:a8:e2:b,-7.96344,112.62536,10,"2024-01-18 12:03:21",0
33,11,fb:fd:2a:a8:e2:b,-7.96344,112.62536,10,"2024-01-18 12:03:32",0
33,11,fb:fd:2a:a8:e2:b,-7.96344,112.62536,10,"2024-01-18 12:03:42",1
33,11,fb:fd:2a:a8:e2:b,-7.96344,112.62536,10,"2024-01-18 12:04:00",0
33,11,fb:fd:2a:a8:e2:b,-7.96344,112.62536,10,"2024-01-18 12:04:19",1
33,11,fb:fd:2a:a8:e2:b,-7.94325,112.61045,10,"2024-01-18 12:31:03",1
33,11,fb:fd:2a:a8:e2:b,-7.94325,112.61045,10,"2024-01-18 12:31:12",0
33,11,fb:fd:2a:a8:e2:b,-7.94325,112.61045,10,"2024-01-18 12:31:28",0
33,11,fb:fd:2a:a8:e2:b,-7.94325,112.61045,10,"2024-01-18 12:31:38",0
33,11,fb:fd:2a:a8:e2:b,-7.94325,112.61045,10,"2024-01-18 12:31:49",1
33,11,fb:fd:2a:a8:e2:b,-7.94325,112.61045,10,"2024-01-18 12:32:05",0
33,11,fb:fd:2a:a8:e2:b,-7.94325,112.61045,10,"2024-01-18 12:32:15",0
33,11,fb:fd:2a:a8:e2:b,-7.94325,112.61045,10,"2024-01-18 12:32:25",0
33,11,fb:fd:2a:a8:e2:b,-7.94325,112.61045,10,"2024-01-18 12:32:36",1
33,11,fb:fd:2a:a8:e2:b,-7.94325,112.61045,10,"2024-01-18 12:32:52",0
33,11,fb:fd:2a:a8:e2:b,-7.94325,112.61045,10,"2024-01-18 12:33:02",0
33,11,fb:fd:2a:a8:e2:b,-7.94325,112.61045,10,"2024-01-18 12:33:28",1
33,11,fb:fd:2a:a8:e2:b,-7.94325,112.61045,10,"2024-01-18 12:33:39",0
33,11,fb:fd:2a:a8:e2:b,-7.94325,112.61045,10,"2024-01-18 12:33:49",0
33,11,fb:fd:2a:a8:e2:b,-7.94325,112.61045,10,"2024-01-18 12:34:00",0
33,11,fb:fd:2a:a8:e2:b,-7.94325,112.61045,10,"2024-01-18 12:34:10",0
33,11,fb:fd:2a:a8:e2:b,-7.94325,112.61045,10,"2024-01-18 12:34:20",1
33,11,fb:fd:2a:a8:e2:b,-7.94325,112.61045,10,"2024-01-18 12:34:31",0
33,11,fb:fd:2a:a8:e2:b,-7.94325,112.61045,10,"2024-01-18 12:34:41",1
33,11,fb:fd:2a:a8:e2:b,-7.94325,112.61045,10,"2024-01-18 12:35:49",1
33,11,fb:fd:2a:a8:e2:b,-7.94325,112.61045,10,"2024-01-18 12:36:00",0
33,11,fb:fd:2a:a8:e2:b,-7.94325,112.61045,10,"2024-01-18 12:36:15",0
33,11,fb:fd:2a:a8:e2:b,-7.94325,112.61045,10,"2024-01-18 12:36:26",0
33,11,fb:fd:2a:a8:e2:b,-7.94325,112.61045,10,"2024-01-18 12:36:41",1
33,11,fb:fd:2a:a8:e2:b,-7.94325,112.61045,10,"2024-01-18 12:36:53",0
33,11,fb:fd:2a:a8:e2:b,-7.94325,112.61045,10,"2024-01-18 12:37:02",0
33,11,fb:fd:2a:a8:e2:b,-7.94325,112.61045,10,"2024-01-18 12:37:13",1
33,11,fb:fd:2a:a8:e2:b,-7.94325,112.61045,10,"2024-01-18 12:37:33",0
33,11,fb:fd:2a:a8:e2:b,-7.94325,112.61045,10,"2024-01-18 12:37:44",0
33,11,fb:fd:2a:a8:e2:b,-7.94325,112.61045,10,"2024-01-18 12:38:00",0
33,11,fb:fd:2a:a8:e2:b,-7.94325,112.61045,10,"2024-01-18 12:38:10",1
33,11,fb:fd:2a:a8:e2:b,-7.94325,112.61045,10,"2024-01-18 12:38:21",0
33,11,fb:fd:2a:a8:e2:b,-7.94325,112.61045,10,"2024-01-18 12:38:31",0
33,11,fb:fd:2a:a8:e2:b,-7.94325,112.61045,10,"2024-01-18 12:38:41",1
33,11,fb:fd:2a:a8:e2:b,-7.97694,112.63335,10,"2024-01-18 13:32:56",0
33,11,fb:fd:2a:a8:e2:b,-7.97694,112.63335,10,"2024-01-18 13:33:06",1
33,11,fb:fd:2a:a8:e2:b,-7.97694,112.63335,10,"2024-01-18 13:40:09",1
33,11,fb:fd:2a:a8:e2:b,-7.97694,112.63335,10,"2024-01-18 13:42:14",0
33,11,fb:fd:2a:a8:e2:b,-7.97694,112.63335,10,"2024-01-18 13:42:24",0
33,11,fb:fd:2a:a8:e2:b,-7.97694,112.63335,10,"2024-01-18 13:42:40",0
33,11,fb:fd:2a:a8:e2:b,-7.97694,112.63335,10,"2024-01-18 13:42:50",1
33,11,fb:fd:2a:a8:e2:b,-7.97694,112.63335,10,"2024-01-18 13:43:06",0
33,11,fb:fd:2a:a8:e2:b,-7.97694,112.63335,10,"2024-01-18 13:43:23",0
33,11,fb:fd:2a:a8:e2:b,-7.97694,112.63335,10,"2024-01-18 13:43:32",1
33,11,fb:fd:2a:a8:e2:b,-7.97694,112.63335,10,"2024-01-18 13:43:42",0
33,11,fb:fd:2a:a8:e2:b,-7.97694,112.63335,10,"2024-01-18 13:44:03",1
33,11,f2:ab:73:19:59:7,-7.97250,112.62180,10,"2024-01-18 16:40:40",0
33,11,f2:ab:73:19:59:7,-7.97250,112.62180,10,"2024-01-18 16:40:48",1
33,11,f2:ab:73:19:59:7,-7.97250,112.62180,10,"2024-01-18 16:40:58",1
33,11,f2:ab:73:19:59:7,-7.97250,112.62180,10,"2024-01-18 16:42:00",0
33,11,f2:ab:73:19:59:7,-7.97250,112.62180,10,"2024-01-18 16:42:16",1
33,11,f2:ab:73:19:59:7,-7.94982,112.61556,10,"2024-01-18 16:55:10",0
33,11,f2:ab:73:19:59:7,-7.94982,112.61556,10,"2024-01-18 16:55:19",1
33,11,f2:ab:73:19:59:7,-7.94982,112.61556,10,"2024-01-18 17:02:54",0
33,11,f2:ab:73:19:59:7,-7.94982,112.61556,10,"2024-01-18 17:03:08",1
33,11,f2:ab:73:19:59:7,-7.94325,112.61045,10,"2024-01-18 17:07:35",1
33,11,f2:ab:73:19:59:7,-7.94325,112.61045,10,"2024-01-18 17:07:56",0
33,11,f2:ab:73:19:59:7,-7.94325,112.61045,10,"2024-01-18 17:08:03",1
33,11,f2:ab:73:19:59:7,-7.94325,112.61045,10,"2024-01-18 17:08:20",0
33,11,f2:ab:73:19:59:7,-7.94325,112.61045,10,"2024-01-18 17:08:40",1
33,11,f2:ab:73:19:59:7,-7.94325,112.61045,10,"2024-01-18 17:09:25",0
33,11,f2:ab:73:19:59:7,-7.94325,112.61045,10,"2024-01-18 17:09:33",0
33,11,f2:ab:73:19:59:7,-7.94325,112.61045,10,"2024-01-18 17:09:42",1
33,11,fb:fd:2a:a8:e2:b,-7.97694,112.63335,10,"2024-01-18 23:25:11",0
33,11,fb:fd:2a:a8:e2:b,-7.97694,112.63335,10,"2024-01-18 23:25:28",0
33,11,fb:fd:2a:a8:e2:b,-7.97694,112.63335,10,"2024-01-18 23:25:37",1
33,11,fb:fd:2a:a8:e2:b,-7.97694,112.63335,10,"2024-01-18 23:25:47",0
33,11,fb:fd:2a:a8:e2:b,-7.97694,112.63335,10,"2024-01-18 23:25:58",0
33,11,fb:fd:2a:a8:e2:b,-7.97694,112.63335,10,"2024-01-18 23:26:08",0
33,11,fb:fd:2a:a8:e2:b,-7.97694,112.63335,10,"2024-01-18 23:26:18",1
33,11,fb:fd:2a:a8:e2:b,-7.97694,112.63335,10,"2024-01-18 23:28:24",1
33,11,fb:fd:2a:a8:e2:b,-7.97694,112.63335,10,"2024-01-18 23:28:34",0
33,11,fb:fd:2a:a8:e2:b,-7.97694,112.63335,10,"2024-01-18 23:28:45",0
33,11,fb:fd:2a:a8:e2:b,-7.97694,112.63335,10,"2024-01-18 23:28:55",1
33,11,fb:fd:2a:a8:e2:b,-7.97694,112.63335,10,"2024-01-18 23:29:06",0
33,11,fb:fd:2a:a8:e2:b,-7.97694,112.63335,10,"2024-01-18 23:29:16",0
33,11,fb:fd:2a:a8:e2:b,-7.97694,112.63335,10,"2024-01-18 23:29:26",0
33,11,fb:fd:2a:a8:e2:b,-7.97694,112.63335,10,"2024-01-18 23:29:37",1
33,11,fb:fd:2a:a8:e2:b,-7.97694,112.63335,10,"2024-01-18 23:29:47",0
33,11,fb:fd:2a:a8:e2:b,-7.97694,112.63335,10,"2024-01-18 23:29:58",0
33,11,fb:fd:2a:a8:e2:b,-7.97694,112.63335,10,"2024-01-18 23:30:08",0
33,11,fb:fd:2a:a8:e2:b,-7.97694,112.63335,10,"2024-01-18 23:30:18",1
33,11,fb:fd:2a:a8:e2:b,-7.97694,112.63335,10,"2024-01-18 23:30:39",0
33,11,fb:fd:2a:a8:e2:b,-7.97694,112.63335,10,"2024-01-18 23:30:50",0
33,11,fb:fd:2a:a8:e2:b,-7.97694,112.63335,10,"2024-01-18 23:31:00",1
33,11,fb:fd:2a:a8:e2:b,-7.97694,112.63335,10,"2024-01-18 23:31:12",0
33,11,fb:fd:2a:a8:e2:b,-7.97694,112.63335,10,"2024-01-18 23:31:22",0
33,11,fb:fd:2a:a8:e2:b,-7.97694,112.63335,10,"2024-01-18 23:31:32",0
33,11,fb:fd:2a:a8:e2:b,-7.97694,112.63335,10,"2024-01-18 23:31:42",1
33,11,fb:fd:2a:a8:e2:b,-7.97694,112.63335,10,"2024-01-18 23:31:53",0
33,11,fb:fd:2a:a8:e2:b,-7.97694,112.63335,10,"2024-01-18 23:32:03",0
33,11,fb:fd:2a:a8:e2:b,-7.97694,112.63335,10,"2024-01-18 23:32:19",1
33,11,fb:fd:2a:a8:e2:b,-7.97694,112.63335,10,"2024-01-18 23:32:29",0
33,11,fb:fd:2a:a8:e2:b,-7.97694,112.63335,10,"2024-01-18 23:32:40",0
33,11,fb:fd:2a:a8:e2:b,-7.97694,112.63335,10,"2024-01-18 23:32:55",0
33,11,fb:fd:2a:a8:e2:b,-7.97694,112.63335,10,"2024-01-18 23:33:07",1
33,10,f2:ab:73:19:59:7,-7.93324,112.60354,10,"2024-01-19 06:50:13",1
33,10,f2:ab:73:19:59:7,-7.93324,112.60354,10,"2024-01-19 06:50:22",1
33,10,f2:ab:73:19:59:7,-7.93324,112.60354,10,"2024-01-19 06:58:59",1
33,10,f2:ab:73:19:59:7,-7.94329,112.61047,10,"2024-01-19 07:01:20",1
33,10,f2:ab:73:19:59:7,-7.94979,112.61559,10,"2024-01-19 07:02:43",1
33,10,f2:ab:73:19:59:7,-7.94979,112.61559,10,"2024-01-19 07:11:36",1
33,10,f2:ab:73:19:59:7,-7.94329,112.61047,10,"2024-01-19 07:13:19",1
33,10,f2:ab:73:19:59:7,-7.94329,112.61047,10,"2024-01-19 07:13:28",0
33,10,f2:ab:73:19:59:7,-7.94329,112.61047,10,"2024-01-19 07:13:35",1
33,10,f2:ab:73:19:59:7,-7.95658,112.61276,10,"2024-01-19 07:18:04",0
33,10,f2:ab:73:19:59:7,-7.95658,112.61276,10,"2024-01-19 07:18:08",0
33,10,f2:ab:73:19:59:7,-7.95658,112.61276,10,"2024-01-19 07:18:12",1
33,10,f2:ab:73:19:59:7,-7.96334,112.62548,10,"2024-01-19 07:25:33",0
33,10,f2:ab:73:19:59:7,-7.96334,112.62548,10,"2024-01-19 07:25:41",1
33,10,f2:ab:73:19:59:7,-7.97693,112.63340,10,"2024-01-19 07:33:33",0
33,10,f2:ab:73:19:59:7,-7.97693,112.63340,10,"2024-01-19 07:33:41",1
33,10,f2:ab:73:19:59:7,-7.97693,112.63340,10,"2024-01-19 07:34:13",0
33,10,f2:ab:73:19:59:7,-7.97693,112.63340,10,"2024-01-19 07:34:20",0
33,10,f2:ab:73:19:59:7,-7.97693,112.63340,10,"2024-01-19 07:34:29",0
33,10,f2:ab:73:19:59:7,-7.97693,112.63340,10,"2024-01-19 07:34:44",1
33,11,f2:ab:73:19:59:7,-7.95655,112.61265,10,"2024-01-19 17:39:12",1
33,11,f2:ab:73:19:59:7,-7.95655,112.61265,10,"2024-01-19 17:39:24",1
33,11,fb:fd:2a:a8:e2:b,-7.95655,112.61265,10,"2024-01-20 12:58:54",1
33,11,fb:fd:2a:a8:e2:b,-7.97694,112.63335,10,"2024-01-21 12:03:10",0
33,11,fb:fd:2a:a8:e2:b,-7.97694,112.63335,10,"2024-01-21 12:03:46",1
33,11,fb:fd:2a:a8:e2:b,-7.96344,112.62536,10,"2024-01-21 12:16:45",1
33,11,fb:fd:2a:a8:e2:b,-7.95655,112.61265,10,"2024-01-21 12:20:44",1
33,10,f2:ab:73:19:59:7,-7.95658,112.61276,10,"2024-01-22 06:37:00",1
33,10,f2:ab:73:19:59:7,-7.95658,112.61276,10,"2024-01-22 06:43:18",1
33,10,f2:ab:73:19:59:7,-7.95658,112.61276,10,"2024-01-22 07:15:18",1
33,10,f2:ab:73:19:59:7,-7.96334,112.62548,10,"2024-01-22 07:21:22",0
33,10,f2:ab:73:19:59:7,-7.96334,112.62548,10,"2024-01-22 07:21:29",1
33,10,f2:ab:73:19:59:7,-7.97693,112.63340,10,"2024-01-22 07:28:05",0
33,10,f2:ab:73:19:59:7,-7.97693,112.63340,10,"2024-01-22 07:28:12",0
33,10,f2:ab:73:19:59:7,-7.97693,112.63340,10,"2024-01-22 07:28:18",1
33,10,f2:ab:73:19:59:7,-7.97693,112.63340,10,"2024-01-22 07:28:46",0
33,10,f2:ab:73:19:59:7,-7.97693,112.63340,10,"2024-01-22 07:28:54",0
33,10,f2:ab:73:19:59:7,-7.97693,112.63340,10,"2024-01-22 07:29:01",0
33,10,f2:ab:73:19:59:7,-7.97693,112.63340,10,"2024-01-22 07:29:09",1
33,10,f2:ab:73:19:59:7,-7.95658,112.61276,10,"2024-01-23 07:17:00",1
33,10,f2:ab:73:19:59:7,-7.96334,112.62548,10,"2024-01-23 07:24:18",1
33,10,f2:ab:73:19:59:7,-7.96334,112.62548,10,"2024-01-23 07:24:25",1
33,10,f2:ab:73:19:59:7,-7.97693,112.63340,10,"2024-01-23 07:31:12",0
33,10,f2:ab:73:19:59:7,-7.97693,112.63340,10,"2024-01-23 07:31:18",0
33,10,f2:ab:73:19:59:7,-7.97693,112.63340,10,"2024-01-23 07:31:23",0
33,10,f2:ab:73:19:59:7,-7.97693,112.63340,10,"2024-01-23 07:31:40",0
33,10,f2:ab:73:19:59:7,-7.97693,112.63340,10,"2024-01-23 07:31:45",1
33,10,f2:ab:73:19:59:7,-7.97693,112.63340,10,"2024-01-23 07:32:14",0
33,10,f2:ab:73:19:59:7,-7.97693,112.63340,10,"2024-01-23 07:32:22",0
33,10,f2:ab:73:19:59:7,-7.97693,112.63340,10,"2024-01-23 07:32:32",1
33,10,f2:ab:73:19:59:7,-7.97693,112.63340,10,"2024-01-23 07:32:54",1
33,10,f2:ab:73:19:59:7,-7.97693,112.63340,10,"2024-01-23 07:33:24",1
33,11,fb:fd:2a:a8:e2:b,-7.93338,112.60354,10,"2024-01-23 12:01:34",0
33,11,fb:fd:2a:a8:e2:b,-7.93338,112.60354,10,"2024-01-23 12:01:47",1
33,11,fb:fd:2a:a8:e2:b,-7.93338,112.60354,10,"2024-01-23 12:01:58",0
33,11,fb:fd:2a:a8:e2:b,-7.93338,112.60354,10,"2024-01-23 12:02:08",0
33,11,fb:fd:2a:a8:e2:b,-7.93338,112.60354,10,"2024-01-23 12:02:20",0
33,11,fb:fd:2a:a8:e2:b,-7.93338,112.60354,10,"2024-01-23 12:02:33",1
33,11,fb:fd:2a:a8:e2:b,-7.93338,112.60354,10,"2024-01-23 12:02:43",0
33,11,fb:fd:2a:a8:e2:b,-7.93338,112.60354,10,"2024-01-23 12:02:54",0
33,11,fb:fd:2a:a8:e2:b,-7.93338,112.60354,10,"2024-01-23 12:03:05",0
33,11,fb:fd:2a:a8:e2:b,-7.93338,112.60354,10,"2024-01-23 12:03:16",1
33,11,fb:fd:2a:a8:e2:b,-7.93338,112.60354,10,"2024-01-23 12:03:28",0
33,11,fb:fd:2a:a8:e2:b,-7.93338,112.60354,10,"2024-01-23 12:03:40",0
33,11,fb:fd:2a:a8:e2:b,-7.93338,112.60354,10,"2024-01-23 12:03:51",1
33,11,fb:fd:2a:a8:e2:b,-7.93338,112.60354,10,"2024-01-23 12:04:04",0
33,11,fb:fd:2a:a8:e2:b,-7.93338,112.60354,10,"2024-01-23 12:04:16",0
33,11,fb:fd:2a:a8:e2:b,-7.93338,112.60354,10,"2024-01-23 12:04:31",1
33,11,fb:fd:2a:a8:e2:b,-7.93338,112.60354,10,"2024-01-23 12:04:51",0
33,11,fb:fd:2a:a8:e2:b,-7.93338,112.60354,10,"2024-01-23 12:04:59",0
33,11,fb:fd:2a:a8:e2:b,-7.93338,112.60354,10,"2024-01-23 12:05:10",0
33,11,fb:fd:2a:a8:e2:b,-7.93338,112.60354,10,"2024-01-23 12:05:20",1
33,11,fb:fd:2a:a8:e2:b,-7.93338,112.60354,10,"2024-01-23 12:05:32",0
33,11,fb:fd:2a:a8:e2:b,-7.93338,112.60354,10,"2024-01-23 12:05:42",0
33,11,fb:fd:2a:a8:e2:b,-7.93338,112.60354,10,"2024-01-23 12:05:52",1
33,11,fb:fd:2a:a8:e2:b,-7.93338,112.60354,10,"2024-01-23 12:06:10",0
33,11,fb:fd:2a:a8:e2:b,-7.93338,112.60354,10,"2024-01-23 12:06:24",0
33,11,fb:fd:2a:a8:e2:b,-7.93338,112.60354,10,"2024-01-23 12:06:33",0
33,11,fb:fd:2a:a8:e2:b,-7.93338,112.60354,10,"2024-01-23 12:06:49",1
33,11,fb:fd:2a:a8:e2:b,-7.93338,112.60354,10,"2024-01-23 12:06:59",0
33,11,fb:fd:2a:a8:e2:b,-7.93338,112.60354,10,"2024-01-23 12:07:22",1
33,11,fb:fd:2a:a8:e2:b,-7.93338,112.60354,10,"2024-01-23 12:07:37",0
33,11,fb:fd:2a:a8:e2:b,-7.93338,112.60354,10,"2024-01-23 12:07:48",0
33,11,fb:fd:2a:a8:e2:b,-7.93338,112.60354,10,"2024-01-23 12:07:57",0
33,11,fb:fd:2a:a8:e2:b,-7.93338,112.60354,10,"2024-01-23 12:08:07",1
33,11,fb:fd:2a:a8:e2:b,-7.93338,112.60354,10,"2024-01-23 12:08:24",0
33,11,fb:fd:2a:a8:e2:b,-7.93338,112.60354,10,"2024-01-23 12:08:44",0
33,11,fb:fd:2a:a8:e2:b,-7.93338,112.60354,10,"2024-01-23 12:08:55",1
33,11,fb:fd:2a:a8:e2:b,-7.94325,112.61045,10,"2024-01-23 12:20:45",0
33,11,fb:fd:2a:a8:e2:b,-7.94325,112.61045,10,"2024-01-23 12:21:00",1
33,11,fb:fd:2a:a8:e2:b,-7.94325,112.61045,10,"2024-01-23 12:21:11",0
33,11,fb:fd:2a:a8:e2:b,-7.94325,112.61045,10,"2024-01-23 12:21:21",0
33,11,fb:fd:2a:a8:e2:b,-7.94325,112.61045,10,"2024-01-23 12:21:37",0
33,11,fb:fd:2a:a8:e2:b,-7.94325,112.61045,10,"2024-01-23 12:21:52",1
33,11,fb:fd:2a:a8:e2:b,-7.94325,112.61045,10,"2024-01-23 12:22:03",0
33,11,fb:fd:2a:a8:e2:b,-7.94325,112.61045,10,"2024-01-23 12:22:13",0
33,11,fb:fd:2a:a8:e2:b,-7.94325,112.61045,10,"2024-01-23 12:22:24",0
33,11,fb:fd:2a:a8:e2:b,-7.94325,112.61045,10,"2024-01-23 12:22:34",1
33,11,fb:fd:2a:a8:e2:b,-7.94325,112.61045,10,"2024-01-23 12:22:45",0
33,11,fb:fd:2a:a8:e2:b,-7.94325,112.61045,10,"2024-01-23 12:23:00",0
33,11,fb:fd:2a:a8:e2:b,-7.94325,112.61045,10,"2024-01-23 12:23:11",0
33,11,fb:fd:2a:a8:e2:b,-7.94325,112.61045,10,"2024-01-23 12:23:21",1
33,11,fb:fd:2a:a8:e2:b,-7.94325,112.61045,10,"2024-01-23 12:23:32",0
33,11,fb:fd:2a:a8:e2:b,-7.94325,112.61045,10,"2024-01-23 12:23:42",0
33,11,fb:fd:2a:a8:e2:b,-7.94325,112.61045,10,"2024-01-23 12:23:53",0
33,11,fb:fd:2a:a8:e2:b,-7.94325,112.61045,10,"2024-01-23 12:24:03",1
33,11,fb:fd:2a:a8:e2:b,-7.94325,112.61045,10,"2024-01-23 12:24:19",0
33,11,fb:fd:2a:a8:e2:b,-7.94325,112.61045,10,"2024-01-23 12:24:29",0
33,11,fb:fd:2a:a8:e2:b,-7.94325,112.61045,10,"2024-01-23 12:24:50",1
33,11,fb:fd:2a:a8:e2:b,-7.94325,112.61045,10,"2024-01-23 12:25:06",0
33,11,fb:fd:2a:a8:e2:b,-7.94325,112.61045,10,"2024-01-23 12:25:32",1
33,11,fb:fd:2a:a8:e2:b,-7.93681,112.62644,10,"2024-01-23 13:46:45",0
33,11,fb:fd:2a:a8:e2:b,-7.93681,112.62644,10,"2024-01-23 13:47:00",1
33,11,fb:fd:2a:a8:e2:b,-7.93681,112.62644,10,"2024-01-23 13:47:10",0
33,11,fb:fd:2a:a8:e2:b,-7.93681,112.62644,10,"2024-01-23 13:47:20",0
33,11,fb:fd:2a:a8:e2:b,-7.93681,112.62644,10,"2024-01-23 13:47:31",0
33,11,fb:fd:2a:a8:e2:b,-7.93681,112.62644,10,"2024-01-23 13:47:41",1
33,11,fb:fd:2a:a8:e2:b,-7.93681,112.62644,10,"2024-01-23 13:47:57",0
33,11,fb:fd:2a:a8:e2:b,-7.93681,112.62644,10,"2024-01-23 13:48:13",0
33,11,fb:fd:2a:a8:e2:b,-7.93681,112.62644,10,"2024-01-23 13:48:23",1
33,11,fb:fd:2a:a8:e2:b,-7.93681,112.62644,10,"2024-01-23 13:48:34",1
33,11,fb:fd:2a:a8:e2:b,-7.93681,112.62644,10,"2024-01-23 13:49:31",0
33,11,fb:fd:2a:a8:e2:b,-7.93681,112.62644,10,"2024-01-23 13:49:41",1
33,11,fb:fd:2a:a8:e2:b,-7.93681,112.62644,10,"2024-01-23 13:49:52",0
33,11,fb:fd:2a:a8:e2:b,-7.93681,112.62644,10,"2024-01-23 13:50:03",1
33,11,fb:fd:2a:a8:e2:b,-7.93681,112.62644,10,"2024-01-23 13:50:34",0
33,11,fb:fd:2a:a8:e2:b,-7.93681,112.62644,10,"2024-01-23 13:50:44",0
33,11,fb:fd:2a:a8:e2:b,-7.93681,112.62644,10,"2024-01-23 13:50:55",0
33,11,fb:fd:2a:a8:e2:b,-7.93681,112.62644,10,"2024-01-23 13:51:05",1
33,11,fb:fd:2a:a8:e2:b,-7.93681,112.62644,10,"2024-01-23 13:51:16",0
33,11,fb:fd:2a:a8:e2:b,-7.93681,112.62644,10,"2024-01-23 13:51:26",0
33,11,fb:fd:2a:a8:e2:b,-7.93681,112.62644,10,"2024-01-23 13:51:36",0
33,11,fb:fd:2a:a8:e2:b,-7.93681,112.62644,10,"2024-01-23 13:51:47",1
33,11,fb:fd:2a:a8:e2:b,-7.93681,112.62644,10,"2024-01-23 13:51:57",0
33,11,fb:fd:2a:a8:e2:b,-7.93681,112.62644,10,"2024-01-23 13:52:18",0
33,11,fb:fd:2a:a8:e2:b,-7.93681,112.62644,10,"2024-01-23 13:52:34",1
33,11,fb:fd:2a:a8:e2:b,-7.93681,112.62644,10,"2024-01-23 13:52:44",0
33,11,fb:fd:2a:a8:e2:b,-7.93681,112.62644,10,"2024-01-23 13:52:55",0
33,11,fb:fd:2a:a8:e2:b,-7.93681,112.62644,10,"2024-01-23 13:53:11",0
33,11,fb:fd:2a:a8:e2:b,-7.93681,112.62644,10,"2024-01-23 13:53:21",1
33,11,fb:fd:2a:a8:e2:b,-7.93681,112.62644,10,"2024-01-23 13:53:31",0
33,11,fb:fd:2a:a8:e2:b,-7.93681,112.62644,10,"2024-01-23 13:53:47",0
33,11,fb:fd:2a:a8:e2:b,-7.93681,112.62644,10,"2024-01-23 13:53:57",1
33,11,fb:fd:2a:a8:e2:b,-7.93681,112.62644,10,"2024-01-23 13:54:08",0
33,11,fb:fd:2a:a8:e2:b,-7.93681,112.62644,10,"2024-01-23 13:54:18",0
33,11,fb:fd:2a:a8:e2:b,-7.93681,112.62644,10,"2024-01-23 13:54:29",0
33,11,fb:fd:2a:a8:e2:b,-7.93681,112.62644,10,"2024-01-23 13:54:39",1
33,11,fb:fd:2a:a8:e2:b,-7.93681,112.62644,10,"2024-01-23 13:54:50",0
33,11,fb:fd:2a:a8:e2:b,-7.93681,112.62644,10,"2024-01-23 13:55:01",0
33,11,fb:fd:2a:a8:e2:b,-7.93681,112.62644,10,"2024-01-23 13:55:10",0
33,11,fb:fd:2a:a8:e2:b,-7.93681,112.62644,10,"2024-01-23 13:55:21",1
33,11,fb:fd:2a:a8:e2:b,-7.93681,112.62644,10,"2024-01-23 13:55:31",0
33,11,fb:fd:2a:a8:e2:b,-7.93681,112.62644,10,"2024-01-23 13:55:42",0
33,11,fb:fd:2a:a8:e2:b,-7.93681,112.62644,10,"2024-01-23 13:55:52",0
33,11,fb:fd:2a:a8:e2:b,-7.93681,112.62644,10,"2024-01-23 13:56:03",1
33,11,fb:fd:2a:a8:e2:b,-7.93681,112.62644,10,"2024-01-23 13:56:13",0
33,11,fb:fd:2a:a8:e2:b,-7.93681,112.62644,10,"2024-01-23 13:56:23",0
33,11,fb:fd:2a:a8:e2:b,-7.93681,112.62644,10,"2024-01-23 13:56:34",0
33,11,fb:fd:2a:a8:e2:b,-7.93681,112.62644,10,"2024-01-23 13:56:44",1
33,11,fb:fd:2a:a8:e2:b,-7.93681,112.62644,10,"2024-01-23 13:57:01",0
33,11,fb:fd:2a:a8:e2:b,-7.93681,112.62644,10,"2024-01-23 13:57:10",0
33,11,fb:fd:2a:a8:e2:b,-7.93681,112.62644,10,"2024-01-23 13:57:21",0
33,11,fb:fd:2a:a8:e2:b,-7.93681,112.62644,10,"2024-01-23 13:57:31",1
33,11,fb:fd:2a:a8:e2:b,-7.93681,112.62644,10,"2024-01-23 13:57:42",0
33,11,fb:fd:2a:a8:e2:b,-7.93681,112.62644,10,"2024-01-23 13:57:52",0
33,11,fb:fd:2a:a8:e2:b,-7.93681,112.62644,10,"2024-01-23 13:58:03",0
33,11,fb:fd:2a:a8:e2:b,-7.93681,112.62644,10,"2024-01-23 13:58:14",1
33,11,fb:fd:2a:a8:e2:b,-7.93681,112.62644,10,"2024-01-23 13:58:24",0
33,11,fb:fd:2a:a8:e2:b,-7.93681,112.62644,10,"2024-01-23 13:58:34",0
33,11,fb:fd:2a:a8:e2:b,-7.93681,112.62644,10,"2024-01-23 13:58:44",1
33,11,fb:fd:2a:a8:e2:b,-7.93681,112.62644,10,"2024-01-23 13:59:00",0
33,11,fb:fd:2a:a8:e2:b,-7.93681,112.62644,10,"2024-01-23 13:59:10",0
33,11,fb:fd:2a:a8:e2:b,-7.93681,112.62644,10,"2024-01-23 13:59:21",0
33,11,fb:fd:2a:a8:e2:b,-7.93681,112.62644,10,"2024-01-23 13:59:31",1
33,11,fb:fd:2a:a8:e2:b,-7.93681,112.62644,10,"2024-01-23 13:59:42",0
33,11,fb:fd:2a:a8:e2:b,-7.93681,112.62644,10,"2024-01-23 13:59:58",0
33,11,fb:fd:2a:a8:e2:b,-7.93681,112.62644,10,"2024-01-23 14:00:08",1
33,11,fb:fd:2a:a8:e2:b,-7.93681,112.62644,10,"2024-01-23 14:00:24",0
33,11,fb:fd:2a:a8:e2:b,-7.93681,112.62644,10,"2024-01-23 14:00:34",0
33,11,fb:fd:2a:a8:e2:b,-7.93681,112.62644,10,"2024-01-23 14:00:44",0
33,11,fb:fd:2a:a8:e2:b,-7.93681,112.62644,10,"2024-01-23 14:00:55",1
33,11,fb:fd:2a:a8:e2:b,-7.93681,112.62644,10,"2024-01-23 14:01:06",0
33,11,fb:fd:2a:a8:e2:b,-7.93681,112.62644,10,"2024-01-23 14:01:16",0
33,11,fb:fd:2a:a8:e2:b,-7.93681,112.62644,10,"2024-01-23 14:01:26",0
33,11,fb:fd:2a:a8:e2:b,-7.93681,112.62644,10,"2024-01-23 14:01:37",1
33,11,fb:fd:2a:a8:e2:b,-7.93681,112.62644,10,"2024-01-23 14:01:47",0
33,11,fb:fd:2a:a8:e2:b,-7.93681,112.62644,10,"2024-01-23 14:01:58",0
33,11,fb:fd:2a:a8:e2:b,-7.93681,112.62644,10,"2024-01-23 14:02:08",0
33,11,fb:fd:2a:a8:e2:b,-7.93681,112.62644,10,"2024-01-23 14:02:18",1
33,11,fb:fd:2a:a8:e2:b,-7.93681,112.62644,10,"2024-01-23 14:02:34",0
33,11,fb:fd:2a:a8:e2:b,-7.93681,112.62644,10,"2024-01-23 14:02:45",0
33,11,fb:fd:2a:a8:e2:b,-7.93681,112.62644,10,"2024-01-23 14:02:55",0
33,11,fb:fd:2a:a8:e2:b,-7.93681,112.62644,10,"2024-01-23 14:03:06",1
33,11,fb:fd:2a:a8:e2:b,-7.93681,112.62644,10,"2024-01-23 14:03:16",0
33,11,fb:fd:2a:a8:e2:b,-7.93681,112.62644,10,"2024-01-23 14:03:26",0
33,11,fb:fd:2a:a8:e2:b,-7.93681,112.62644,10,"2024-01-23 14:03:37",0
33,11,fb:fd:2a:a8:e2:b,-7.93681,112.62644,10,"2024-01-23 14:03:47",0
33,11,fb:fd:2a:a8:e2:b,-7.93681,112.62644,10,"2024-01-23 14:03:58",1
33,11,fb:fd:2a:a8:e2:b,-7.93681,112.62644,10,"2024-01-23 14:04:08",0
33,11,fb:fd:2a:a8:e2:b,-7.93681,112.62644,10,"2024-01-23 14:04:24",0
33,11,fb:fd:2a:a8:e2:b,-7.93681,112.62644,10,"2024-01-23 14:04:34",1
33,11,fb:fd:2a:a8:e2:b,-7.93681,112.62644,10,"2024-01-23 14:04:45",0
33,11,fb:fd:2a:a8:e2:b,-7.93681,112.62644,10,"2024-01-23 14:04:55",0
33,11,fb:fd:2a:a8:e2:b,-7.93681,112.62644,10,"2024-01-23 14:05:06",0
33,11,fb:fd:2a:a8:e2:b,-7.93681,112.62644,10,"2024-01-23 14:05:16",0
33,11,fb:fd:2a:a8:e2:b,-7.93681,112.62644,10,"2024-01-23 14:05:27",1
33,11,fb:fd:2a:a8:e2:b,-7.93681,112.62644,10,"2024-01-23 14:05:37",0
33,11,fb:fd:2a:a8:e2:b,-7.93681,112.62644,10,"2024-01-23 14:05:52",0
33,11,fb:fd:2a:a8:e2:b,-7.93681,112.62644,10,"2024-01-23 14:06:03",1
33,11,fb:fd:2a:a8:e2:b,-7.93681,112.62644,10,"2024-01-23 14:06:19",0
33,11,fb:fd:2a:a8:e2:b,-7.93681,112.62644,10,"2024-01-23 14:06:29",0
33,11,fb:fd:2a:a8:e2:b,-7.93681,112.62644,10,"2024-01-23 14:06:40",0
33,11,fb:fd:2a:a8:e2:b,-7.93681,112.62644,10,"2024-01-23 14:06:50",1
33,11,fb:fd:2a:a8:e2:b,-7.93681,112.62644,10,"2024-01-23 14:07:11",0
33,11,fb:fd:2a:a8:e2:b,-7.93681,112.62644,10,"2024-01-23 14:07:21",0
33,11,fb:fd:2a:a8:e2:b,-7.93681,112.62644,10,"2024-01-23 14:07:32",1
33,11,fb:fd:2a:a8:e2:b,-7.93681,112.62644,10,"2024-01-23 14:07:42",0
33,11,fb:fd:2a:a8:e2:b,-7.93681,112.62644,10,"2024-01-23 14:07:53",0
33,11,fb:fd:2a:a8:e2:b,-7.93681,112.62644,10,"2024-01-23 14:08:03",0
33,11,fb:fd:2a:a8:e2:b,-7.93681,112.62644,10,"2024-01-23 14:08:19",1
33,11,fb:fd:2a:a8:e2:b,-7.93681,112.62644,10,"2024-01-23 14:08:29",0
33,11,fb:fd:2a:a8:e2:b,-7.93681,112.62644,10,"2024-01-23 14:08:40",0
33,11,fb:fd:2a:a8:e2:b,-7.93681,112.62644,10,"2024-01-23 14:08:50",1
33,11,fb:fd:2a:a8:e2:b,-7.93681,112.62644,10,"2024-01-23 14:09:06",0
33,11,fb:fd:2a:a8:e2:b,-7.93681,112.62644,10,"2024-01-23 14:09:16",0
33,11,fb:fd:2a:a8:e2:b,-7.93681,112.62644,10,"2024-01-23 14:09:27",0
33,11,fb:fd:2a:a8:e2:b,-7.93681,112.62644,10,"2024-01-23 14:09:37",1
33,11,fb:fd:2a:a8:e2:b,-7.93681,112.62644,10,"2024-01-23 14:09:48",0
33,11,fb:fd:2a:a8:e2:b,-7.93681,112.62644,10,"2024-01-23 14:09:58",0
33,11,fb:fd:2a:a8:e2:b,-7.93681,112.62644,10,"2024-01-23 14:10:08",0
33,11,fb:fd:2a:a8:e2:b,-7.93681,112.62644,10,"2024-01-23 14:10:19",1
33,11,fb:fd:2a:a8:e2:b,-7.93681,112.62644,10,"2024-01-23 14:10:29",0
33,11,fb:fd:2a:a8:e2:b,-7.93681,112.62644,10,"2024-01-23 14:10:40",0
33,11,fb:fd:2a:a8:e2:b,-7.93681,112.62644,10,"2024-01-23 14:10:50",0
33,11,fb:fd:2a:a8:e2:b,-7.93681,112.62644,10,"2024-01-23 14:11:06",1
33,11,fb:fd:2a:a8:e2:b,-7.93681,112.62644,10,"2024-01-23 14:11:16",0
33,11,fb:fd:2a:a8:e2:b,-7.93681,112.62644,10,"2024-01-23 14:11:27",0
33,11,fb:fd:2a:a8:e2:b,-7.93681,112.62644,10,"2024-01-23 14:11:37",0
33,11,fb:fd:2a:a8:e2:b,-7.93681,112.62644,10,"2024-01-23 14:11:48",1
33,11,fb:fd:2a:a8:e2:b,-7.93681,112.62644,10,"2024-01-23 14:12:09",0
33,11,fb:fd:2a:a8:e2:b,-7.93681,112.62644,10,"2024-01-23 14:12:24",0
33,11,fb:fd:2a:a8:e2:b,-7.93681,112.62644,10,"2024-01-23 14:12:35",1
33,11,fb:fd:2a:a8:e2:b,-7.93681,112.62644,10,"2024-01-23 14:12:50",0
33,11,fb:fd:2a:a8:e2:b,-7.93681,112.62644,10,"2024-01-23 14:13:01",0
33,11,fb:fd:2a:a8:e2:b,-7.93681,112.62644,10,"2024-01-23 14:13:16",1
33,11,fb:fd:2a:a8:e2:b,-7.93681,112.62644,10,"2024-01-23 14:13:27",0
33,11,fb:fd:2a:a8:e2:b,-7.93681,112.62644,10,"2024-01-23 14:13:42",0
33,11,fb:fd:2a:a8:e2:b,-7.93681,112.62644,10,"2024-01-23 14:13:53",0
33,11,fb:fd:2a:a8:e2:b,-7.93681,112.62644,10,"2024-01-23 14:14:04",1
33,11,fb:fd:2a:a8:e2:b,-7.93681,112.62644,10,"2024-01-23 14:14:14",0
33,11,fb:fd:2a:a8:e2:b,-7.93681,112.62644,10,"2024-01-23 14:14:29",0
33,11,fb:fd:2a:a8:e2:b,-7.93681,112.62644,10,"2024-01-23 14:14:40",1
33,11,fb:fd:2a:a8:e2:b,-7.93681,112.62644,10,"2024-01-23 14:14:56",0
33,11,fb:fd:2a:a8:e2:b,-7.93681,112.62644,10,"2024-01-23 14:15:06",0
33,11,fb:fd:2a:a8:e2:b,-7.93681,112.62644,10,"2024-01-23 14:15:17",0
33,11,fb:fd:2a:a8:e2:b,-7.93681,112.62644,10,"2024-01-23 14:15:27",1
33,11,fb:fd:2a:a8:e2:b,-7.93681,112.62644,10,"2024-01-23 14:15:38",0
33,11,fb:fd:2a:a8:e2:b,-7.93681,112.62644,10,"2024-01-23 14:15:48",0
33,11,fb:fd:2a:a8:e2:b,-7.93681,112.62644,10,"2024-01-23 14:15:58",0
33,11,fb:fd:2a:a8:e2:b,-7.93681,112.62644,10,"2024-01-23 14:16:09",1
33,11,fb:fd:2a:a8:e2:b,-7.93681,112.62644,10,"2024-01-23 14:16:19",0
33,11,fb:fd:2a:a8:e2:b,-7.93681,112.62644,10,"2024-01-23 14:16:35",0
33,11,fb:fd:2a:a8:e2:b,-7.93681,112.62644,10,"2024-01-23 14:16:46",1
33,11,fb:fd:2a:a8:e2:b,-7.93681,112.62644,10,"2024-01-23 14:17:01",0
33,11,fb:fd:2a:a8:e2:b,-7.93681,112.62644,10,"2024-01-23 14:17:11",0
33,11,fb:fd:2a:a8:e2:b,-7.93681,112.62644,10,"2024-01-23 14:17:22",0
33,11,fb:fd:2a:a8:e2:b,-7.93681,112.62644,10,"2024-01-23 14:17:33",1
33,11,fb:fd:2a:a8:e2:b,-7.93681,112.62644,10,"2024-01-23 14:17:43",0
33,11,fb:fd:2a:a8:e2:b,-7.93681,112.62644,10,"2024-01-23 14:17:59",0
33,11,fb:fd:2a:a8:e2:b,-7.93681,112.62644,10,"2024-01-23 14:18:09",0
33,11,fb:fd:2a:a8:e2:b,-7.93681,112.62644,10,"2024-01-23 14:18:19",1
33,11,fb:fd:2a:a8:e2:b,-7.93681,112.62644,10,"2024-01-23 14:18:30",0
33,11,fb:fd:2a:a8:e2:b,-7.93681,112.62644,10,"2024-01-23 14:18:40",0
33,11,fb:fd:2a:a8:e2:b,-7.93681,112.62644,10,"2024-01-23 14:18:56",1
33,11,fb:fd:2a:a8:e2:b,-7.93681,112.62644,10,"2024-01-23 14:19:07",0
33,11,fb:fd:2a:a8:e2:b,-7.93681,112.62644,10,"2024-01-23 14:19:17",0
33,11,fb:fd:2a:a8:e2:b,-7.93681,112.62644,10,"2024-01-23 14:19:27",0
33,11,fb:fd:2a:a8:e2:b,-7.93681,112.62644,10,"2024-01-23 14:19:38",1
33,11,fb:fd:2a:a8:e2:b,-7.93681,112.62644,10,"2024-01-23 14:19:48",0
33,11,fb:fd:2a:a8:e2:b,-7.93681,112.62644,10,"2024-01-23 14:20:04",0
33,11,fb:fd:2a:a8:e2:b,-7.93681,112.62644,10,"2024-01-23 14:20:20",1
33,11,fb:fd:2a:a8:e2:b,-7.93681,112.62644,10,"2024-01-23 14:20:30",0
33,11,fb:fd:2a:a8:e2:b,-7.93681,112.62644,10,"2024-01-23 14:20:41",0
33,11,fb:fd:2a:a8:e2:b,-7.93681,112.62644,10,"2024-01-23 14:20:51",0
33,11,fb:fd:2a:a8:e2:b,-7.93681,112.62644,10,"2024-01-23 14:21:01",1
33,11,fb:fd:2a:a8:e2:b,-7.93681,112.62644,10,"2024-01-23 14:21:13",0
33,11,fb:fd:2a:a8:e2:b,-7.93681,112.62644,10,"2024-01-23 14:21:22",0
33,11,fb:fd:2a:a8:e2:b,-7.93681,112.62644,10,"2024-01-23 14:21:33",0
33,11,fb:fd:2a:a8:e2:b,-7.93681,112.62644,10,"2024-01-23 14:21:48",1
33,11,fb:fd:2a:a8:e2:b,-7.93681,112.62644,10,"2024-01-23 14:21:59",0
33,11,fb:fd:2a:a8:e2:b,-7.93681,112.62644,10,"2024-01-23 14:22:09",0
33,11,fb:fd:2a:a8:e2:b,-7.93681,112.62644,10,"2024-01-23 14:22:20",0
33,11,fb:fd:2a:a8:e2:b,-7.93681,112.62644,10,"2024-01-23 14:22:30",1
33,11,fb:fd:2a:a8:e2:b,-7.93681,112.62644,10,"2024-01-23 14:22:51",0
33,11,fb:fd:2a:a8:e2:b,-7.93681,112.62644,10,"2024-01-23 14:23:01",0
33,11,fb:fd:2a:a8:e2:b,-7.93681,112.62644,10,"2024-01-23 14:23:12",0
33,11,fb:fd:2a:a8:e2:b,-7.93681,112.62644,10,"2024-01-23 14:23:22",1
33,11,fb:fd:2a:a8:e2:b,-7.93681,112.62644,10,"2024-01-23 14:23:33",0
33,11,fb:fd:2a:a8:e2:b,-7.93681,112.62644,10,"2024-01-23 14:23:43",0
33,11,fb:fd:2a:a8:e2:b,-7.93681,112.62644,10,"2024-01-23 14:23:53",0
33,11,fb:fd:2a:a8:e2:b,-7.93681,112.62644,10,"2024-01-23 14:24:04",1
33,11,fb:fd:2a:a8:e2:b,-7.93681,112.62644,10,"2024-01-23 14:24:15",0
33,11,fb:fd:2a:a8:e2:b,-7.93681,112.62644,10,"2024-01-23 14:24:25",0
33,11,fb:fd:2a:a8:e2:b,-7.93681,112.62644,10,"2024-01-23 14:24:35",0
33,11,fb:fd:2a:a8:e2:b,-7.93681,112.62644,10,"2024-01-23 14:24:46",1
33,11,fb:fd:2a:a8:e2:b,-7.93681,112.62644,10,"2024-01-23 14:25:02",0
33,11,fb:fd:2a:a8:e2:b,-7.93681,112.62644,10,"2024-01-23 14:25:17",0
33,11,fb:fd:2a:a8:e2:b,-7.93681,112.62644,10,"2024-01-23 14:25:27",1
33,11,fb:fd:2a:a8:e2:b,-7.93681,112.62644,10,"2024-01-23 14:25:43",0
33,11,fb:fd:2a:a8:e2:b,-7.93681,112.62644,10,"2024-01-23 14:25:54",0
33,11,fb:fd:2a:a8:e2:b,-7.93681,112.62644,10,"2024-01-23 14:26:14",1
33,11,fb:fd:2a:a8:e2:b,-7.93681,112.62644,10,"2024-01-23 14:26:35",0
33,11,fb:fd:2a:a8:e2:b,-7.93681,112.62644,10,"2024-01-23 14:26:51",0
33,11,fb:fd:2a:a8:e2:b,-7.93681,112.62644,10,"2024-01-23 14:27:02",1
33,11,fb:fd:2a:a8:e2:b,-7.93681,112.62644,10,"2024-01-23 14:27:12",0
33,11,fb:fd:2a:a8:e2:b,-7.93681,112.62644,10,"2024-01-23 14:27:22",0
33,11,fb:fd:2a:a8:e2:b,-7.93681,112.62644,10,"2024-01-23 14:27:33",1
33,11,fb:fd:2a:a8:e2:b,-7.93681,112.62644,10,"2024-01-23 14:27:54",0
33,11,fb:fd:2a:a8:e2:b,-7.93681,112.62644,10,"2024-01-23 14:28:09",0
33,11,fb:fd:2a:a8:e2:b,-7.93681,112.62644,10,"2024-01-23 14:28:20",0
33,11,fb:fd:2a:a8:e2:b,-7.93681,112.62644,10,"2024-01-23 14:28:30",1
33,11,fb:fd:2a:a8:e2:b,-7.93681,112.62644,10,"2024-01-23 14:28:41",0
33,11,fb:fd:2a:a8:e2:b,-7.93681,112.62644,10,"2024-01-23 14:28:51",0
33,11,fb:fd:2a:a8:e2:b,-7.93681,112.62644,10,"2024-01-23 14:29:02",0
33,11,fb:fd:2a:a8:e2:b,-7.93681,112.62644,10,"2024-01-23 14:29:17",1
33,11,fb:fd:2a:a8:e2:b,-7.93681,112.62644,10,"2024-01-23 14:29:28",0
33,11,fb:fd:2a:a8:e2:b,-7.93681,112.62644,10,"2024-01-23 14:29:38",0
33,11,fb:fd:2a:a8:e2:b,-7.93681,112.62644,10,"2024-01-23 14:29:49",0
33,11,fb:fd:2a:a8:e2:b,-7.93681,112.62644,10,"2024-01-23 14:29:59",0
33,11,fb:fd:2a:a8:e2:b,-7.93681,112.62644,10,"2024-01-23 14:30:09",1
33,11,fb:fd:2a:a8:e2:b,-7.93681,112.62644,10,"2024-01-23 14:30:20",0
33,11,fb:fd:2a:a8:e2:b,-7.93681,112.62644,10,"2024-01-23 14:30:30",0
33,11,fb:fd:2a:a8:e2:b,-7.93681,112.62644,10,"2024-01-23 14:30:41",0
33,11,fb:fd:2a:a8:e2:b,-7.93681,112.62644,10,"2024-01-23 14:30:51",1
33,11,fb:fd:2a:a8:e2:b,-7.93681,112.62644,10,"2024-01-23 14:31:07",0
33,11,fb:fd:2a:a8:e2:b,-7.93681,112.62644,10,"2024-01-23 14:31:17",0
33,11,fb:fd:2a:a8:e2:b,-7.93681,112.62644,10,"2024-01-23 14:31:28",0
33,11,fb:fd:2a:a8:e2:b,-7.93681,112.62644,10,"2024-01-23 14:31:38",1
33,11,fb:fd:2a:a8:e2:b,-7.93681,112.62644,10,"2024-01-23 14:31:49",0
33,11,fb:fd:2a:a8:e2:b,-7.93681,112.62644,10,"2024-01-23 14:32:05",0
33,11,fb:fd:2a:a8:e2:b,-7.93681,112.62644,10,"2024-01-23 14:32:15",0
33,11,fb:fd:2a:a8:e2:b,-7.93681,112.62644,10,"2024-01-23 14:32:25",0
33,11,fb:fd:2a:a8:e2:b,-7.93681,112.62644,10,"2024-01-23 14:32:36",1
33,11,fb:fd:2a:a8:e2:b,-7.93681,112.62644,10,"2024-01-23 14:32:46",0
33,11,fb:fd:2a:a8:e2:b,-7.93681,112.62644,10,"2024-01-23 14:32:57",0
33,11,fb:fd:2a:a8:e2:b,-7.93681,112.62644,10,"2024-01-23 14:33:10",0
33,11,fb:fd:2a:a8:e2:b,-7.93681,112.62644,10,"2024-01-23 14:33:17",0
33,11,fb:fd:2a:a8:e2:b,-7.93681,112.62644,10,"2024-01-23 14:33:28",1
33,11,fb:fd:2a:a8:e2:b,-7.93681,112.62644,10,"2024-01-23 14:33:39",0
33,11,fb:fd:2a:a8:e2:b,-7.93681,112.62644,10,"2024-01-23 14:34:05",1
33,11,fb:fd:2a:a8:e2:b,-7.93681,112.62644,10,"2024-01-23 14:34:15",0
33,11,fb:fd:2a:a8:e2:b,-7.93681,112.62644,10,"2024-01-23 14:34:30",0
33,11,fb:fd:2a:a8:e2:b,-7.93681,112.62644,10,"2024-01-23 14:34:46",0
33,11,fb:fd:2a:a8:e2:b,-7.93681,112.62644,10,"2024-01-23 14:34:57",1
33,11,fb:fd:2a:a8:e2:b,-7.93681,112.62644,10,"2024-01-23 14:35:07",0
33,11,fb:fd:2a:a8:e2:b,-7.93681,112.62644,10,"2024-01-23 14:35:18",0
33,11,fb:fd:2a:a8:e2:b,-7.93681,112.62644,10,"2024-01-23 14:35:28",0
33,11,fb:fd:2a:a8:e2:b,-7.93681,112.62644,10,"2024-01-23 14:35:38",1
33,11,fb:fd:2a:a8:e2:b,-7.93681,112.62644,10,"2024-01-23 14:35:49",0
33,11,fb:fd:2a:a8:e2:b,-7.93681,112.62644,10,"2024-01-23 14:35:59",1
33,11,fb:fd:2a:a8:e2:b,-7.93681,112.62644,10,"2024-01-23 14:37:02",1
33,11,fb:fd:2a:a8:e2:b,-7.93681,112.62644,10,"2024-01-23 14:38:05",0
33,11,fb:fd:2a:a8:e2:b,-7.93681,112.62644,10,"2024-01-23 14:38:15",0
33,11,fb:fd:2a:a8:e2:b,-7.93681,112.62644,10,"2024-01-23 14:38:26",0
33,11,fb:fd:2a:a8:e2:b,-7.93681,112.62644,10,"2024-01-23 14:38:36",1
33,11,fb:fd:2a:a8:e2:b,-7.93681,112.62644,10,"2024-01-23 14:38:52",0
33,11,fb:fd:2a:a8:e2:b,-7.93681,112.62644,10,"2024-01-23 14:39:02",0
33,11,fb:fd:2a:a8:e2:b,-7.93681,112.62644,10,"2024-01-23 14:39:13",0
33,11,fb:fd:2a:a8:e2:b,-7.93681,112.62644,10,"2024-01-23 14:39:23",1
33,11,fb:fd:2a:a8:e2:b,-7.93681,112.62644,10,"2024-01-23 14:39:34",0
33,11,fb:fd:2a:a8:e2:b,-7.93681,112.62644,10,"2024-01-23 14:39:44",0
33,11,fb:fd:2a:a8:e2:b,-7.93681,112.62644,10,"2024-01-23 14:39:54",0
33,11,fb:fd:2a:a8:e2:b,-7.93681,112.62644,10,"2024-01-23 14:40:05",0
33,11,fb:fd:2a:a8:e2:b,-7.93681,112.62644,10,"2024-01-23 14:40:16",1
33,11,fb:fd:2a:a8:e2:b,-7.93681,112.62644,10,"2024-01-23 14:40:26",0
33,11,fb:fd:2a:a8:e2:b,-7.93681,112.62644,10,"2024-01-23 14:40:36",0
33,11,fb:fd:2a:a8:e2:b,-7.93681,112.62644,10,"2024-01-23 14:40:47",0
33,11,fb:fd:2a:a8:e2:b,-7.93681,112.62644,10,"2024-01-23 14:40:57",1
33,11,fb:fd:2a:a8:e2:b,-7.93681,112.62644,10,"2024-01-23 14:41:13",0
33,11,fb:fd:2a:a8:e2:b,-7.93681,112.62644,10,"2024-01-23 14:41:23",0
33,11,fb:fd:2a:a8:e2:b,-7.93681,112.62644,10,"2024-01-23 14:41:33",0
33,11,fb:fd:2a:a8:e2:b,-7.93681,112.62644,10,"2024-01-23 14:41:44",1
33,11,fb:fd:2a:a8:e2:b,-7.93681,112.62644,10,"2024-01-23 14:41:55",1
33,11,fb:fd:2a:a8:e2:b,-7.93681,112.62644,10,"2024-01-23 14:42:53",0
33,11,fb:fd:2a:a8:e2:b,-7.93681,112.62644,10,"2024-01-23 14:43:03",0
33,11,fb:fd:2a:a8:e2:b,-7.93681,112.62644,10,"2024-01-23 14:43:13",1
33,11,fb:fd:2a:a8:e2:b,-7.93681,112.62644,10,"2024-01-23 14:43:24",0
33,11,fb:fd:2a:a8:e2:b,-7.93681,112.62644,10,"2024-01-23 14:43:44",0
33,11,fb:fd:2a:a8:e2:b,-7.93681,112.62644,10,"2024-01-23 14:43:55",1
33,11,fb:fd:2a:a8:e2:b,-7.93681,112.62644,10,"2024-01-23 14:44:16",0
33,11,fb:fd:2a:a8:e2:b,-7.93681,112.62644,10,"2024-01-23 14:44:26",0
33,11,fb:fd:2a:a8:e2:b,-7.93681,112.62644,10,"2024-01-23 14:44:36",1
33,11,fb:fd:2a:a8:e2:b,-7.93681,112.62644,10,"2024-01-23 14:44:47",0
33,11,fb:fd:2a:a8:e2:b,-7.93681,112.62644,10,"2024-01-23 14:44:57",0
33,11,fb:fd:2a:a8:e2:b,-7.93681,112.62644,10,"2024-01-23 14:45:08",0
33,11,fb:fd:2a:a8:e2:b,-7.93681,112.62644,10,"2024-01-23 14:45:18",1
33,11,fb:fd:2a:a8:e2:b,-7.93681,112.62644,10,"2024-01-23 14:45:29",0
33,11,fb:fd:2a:a8:e2:b,-7.93681,112.62644,10,"2024-01-23 14:45:39",0
33,11,fb:fd:2a:a8:e2:b,-7.93681,112.62644,10,"2024-01-23 14:46:00",0
33,11,fb:fd:2a:a8:e2:b,-7.93681,112.62644,10,"2024-01-23 14:46:10",1
33,11,fb:fd:2a:a8:e2:b,-7.93681,112.62644,10,"2024-01-23 14:46:21",0
33,11,fb:fd:2a:a8:e2:b,-7.93681,112.62644,10,"2024-01-23 14:46:31",0
33,11,fb:fd:2a:a8:e2:b,-7.93681,112.62644,10,"2024-01-23 14:46:42",1
33,11,fb:fd:2a:a8:e2:b,-7.93681,112.62644,10,"2024-01-23 14:47:40",1
33,11,fb:fd:2a:a8:e2:b,-7.93681,112.62644,10,"2024-01-23 14:47:50",0
33,11,fb:fd:2a:a8:e2:b,-7.93681,112.62644,10,"2024-01-23 14:48:00",1
33,11,fb:fd:2a:a8:e2:b,-7.93681,112.62644,10,"2024-01-23 14:48:53",1
33,11,fb:fd:2a:a8:e2:b,-7.93681,112.62644,10,"2024-01-23 14:49:18",0
33,11,fb:fd:2a:a8:e2:b,-7.93681,112.62644,10,"2024-01-23 14:49:29",0
33,11,fb:fd:2a:a8:e2:b,-7.93681,112.62644,10,"2024-01-23 14:49:39",0
33,11,fb:fd:2a:a8:e2:b,-7.93681,112.62644,10,"2024-01-23 14:49:50",1
33,11,fb:fd:2a:a8:e2:b,-7.93681,112.62644,10,"2024-01-23 14:50:05",0
33,11,fb:fd:2a:a8:e2:b,-7.93681,112.62644,10,"2024-01-23 14:50:31",1
33,11,fb:fd:2a:a8:e2:b,-7.93681,112.62644,10,"2024-01-23 14:50:42",0
33,11,fb:fd:2a:a8:e2:b,-7.93681,112.62644,10,"2024-01-23 14:50:52",0
33,11,fb:fd:2a:a8:e2:b,-7.93681,112.62644,10,"2024-01-23 14:51:03",0
33,11,fb:fd:2a:a8:e2:b,-7.93681,112.62644,10,"2024-01-23 14:51:13",1
33,11,fb:fd:2a:a8:e2:b,-7.93681,112.62644,10,"2024-01-23 14:51:24",1
33,11,fb:fd:2a:a8:e2:b,-7.93681,112.62644,10,"2024-01-23 14:52:58",0
33,11,fb:fd:2a:a8:e2:b,-7.93681,112.62644,10,"2024-01-23 14:53:13",1
33,11,fb:fd:2a:a8:e2:b,-7.93681,112.62644,10,"2024-01-23 14:53:24",0
33,11,fb:fd:2a:a8:e2:b,-7.93681,112.62644,10,"2024-01-23 14:53:39",0
33,11,fb:fd:2a:a8:e2:b,-7.93681,112.62644,10,"2024-01-23 14:53:50",0
33,11,fb:fd:2a:a8:e2:b,-7.93681,112.62644,10,"2024-01-23 14:54:00",1
33,11,fb:fd:2a:a8:e2:b,-7.93681,112.62644,10,"2024-01-23 14:54:16",0
33,11,fb:fd:2a:a8:e2:b,-7.93681,112.62644,10,"2024-01-23 14:54:31",0
33,11,fb:fd:2a:a8:e2:b,-7.93681,112.62644,10,"2024-01-23 14:54:42",1
33,11,fb:fd:2a:a8:e2:b,-7.93681,112.62644,10,"2024-01-23 14:54:52",1
33,11,fb:fd:2a:a8:e2:b,-7.93681,112.62644,10,"2024-01-23 14:56:01",0
33,11,fb:fd:2a:a8:e2:b,-7.93681,112.62644,10,"2024-01-23 14:56:11",1
33,11,fb:fd:2a:a8:e2:b,-7.93681,112.62644,10,"2024-01-23 14:56:21",0
33,11,fb:fd:2a:a8:e2:b,-7.93681,112.62644,10,"2024-01-23 14:56:32",0
33,11,fb:fd:2a:a8:e2:b,-7.93681,112.62644,10,"2024-01-23 14:56:42",0
33,11,fb:fd:2a:a8:e2:b,-7.93681,112.62644,10,"2024-01-23 14:56:53",1
33,11,fb:fd:2a:a8:e2:b,-7.93681,112.62644,10,"2024-01-23 14:57:08",0
33,11,fb:fd:2a:a8:e2:b,-7.93681,112.62644,10,"2024-01-23 14:57:19",0
33,11,fb:fd:2a:a8:e2:b,-7.93681,112.62644,10,"2024-01-23 14:57:29",0
33,11,fb:fd:2a:a8:e2:b,-7.93681,112.62644,10,"2024-01-23 14:57:39",0
33,11,fb:fd:2a:a8:e2:b,-7.93681,112.62644,10,"2024-01-23 14:57:50",1
33,11,fb:fd:2a:a8:e2:b,-7.93681,112.62644,10,"2024-01-23 14:58:06",0
33,11,fb:fd:2a:a8:e2:b,-7.93681,112.62644,10,"2024-01-23 14:58:16",0
33,11,fb:fd:2a:a8:e2:b,-7.93681,112.62644,10,"2024-01-23 14:58:32",1
33,11,fb:fd:2a:a8:e2:b,-7.93681,112.62644,10,"2024-01-23 14:58:42",0
33,11,fb:fd:2a:a8:e2:b,-7.93681,112.62644,10,"2024-01-23 14:58:53",0
33,11,fb:fd:2a:a8:e2:b,-7.93681,112.62644,10,"2024-01-23 14:59:03",0
33,11,fb:fd:2a:a8:e2:b,-7.93681,112.62644,10,"2024-01-23 14:59:14",1
33,11,fb:fd:2a:a8:e2:b,-7.93681,112.62644,10,"2024-01-23 14:59:24",0
33,11,fb:fd:2a:a8:e2:b,-7.93681,112.62644,10,"2024-01-23 14:59:40",0
33,11,fb:fd:2a:a8:e2:b,-7.93681,112.62644,10,"2024-01-23 14:59:50",0
33,11,fb:fd:2a:a8:e2:b,-7.93681,112.62644,10,"2024-01-23 15:00:00",1
33,11,fb:fd:2a:a8:e2:b,-7.93681,112.62644,10,"2024-01-23 15:00:11",0
33,11,fb:fd:2a:a8:e2:b,-7.93681,112.62644,10,"2024-01-23 15:00:22",0
33,11,fb:fd:2a:a8:e2:b,-7.93681,112.62644,10,"2024-01-23 15:00:48",0
33,11,fb:fd:2a:a8:e2:b,-7.93681,112.62644,10,"2024-01-23 15:00:58",1
33,11,fb:fd:2a:a8:e2:b,-7.93681,112.62644,10,"2024-01-23 15:01:14",0
33,11,fb:fd:2a:a8:e2:b,-7.93681,112.62644,10,"2024-01-23 15:01:24",0
33,11,fb:fd:2a:a8:e2:b,-7.93681,112.62644,10,"2024-01-23 15:01:40",1
33,11,fb:fd:2a:a8:e2:b,-7.93681,112.62644,10,"2024-01-23 15:01:51",0
33,11,fb:fd:2a:a8:e2:b,-7.93681,112.62644,10,"2024-01-23 15:02:01",0
33,11,fb:fd:2a:a8:e2:b,-7.93681,112.62644,10,"2024-01-23 15:02:11",0
33,11,fb:fd:2a:a8:e2:b,-7.93681,112.62644,10,"2024-01-23 15:02:22",0
33,11,fb:fd:2a:a8:e2:b,-7.93681,112.62644,10,"2024-01-23 15:02:32",1
33,11,fb:fd:2a:a8:e2:b,-7.93681,112.62644,10,"2024-01-23 15:02:43",0
33,11,fb:fd:2a:a8:e2:b,-7.93681,112.62644,10,"2024-01-23 15:02:59",0
33,11,fb:fd:2a:a8:e2:b,-7.93681,112.62644,10,"2024-01-23 15:03:14",0
33,11,fb:fd:2a:a8:e2:b,-7.93681,112.62644,10,"2024-01-23 15:03:24",1
33,11,fb:fd:2a:a8:e2:b,-7.93681,112.62644,10,"2024-01-23 15:03:35",0
33,11,fb:fd:2a:a8:e2:b,-7.93681,112.62644,10,"2024-01-23 15:03:51",0
33,11,fb:fd:2a:a8:e2:b,-7.93681,112.62644,10,"2024-01-23 15:04:01",0
33,11,fb:fd:2a:a8:e2:b,-7.93681,112.62644,10,"2024-01-23 15:04:12",1
33,11,fb:fd:2a:a8:e2:b,-7.93681,112.62644,10,"2024-01-23 15:04:27",0
33,11,fb:fd:2a:a8:e2:b,-7.93681,112.62644,10,"2024-01-23 15:04:38",0
33,11,fb:fd:2a:a8:e2:b,-7.93681,112.62644,10,"2024-01-23 15:05:05",1
33,11,fb:fd:2a:a8:e2:b,-7.93681,112.62644,10,"2024-01-23 15:05:14",0
33,11,fb:fd:2a:a8:e2:b,-7.93681,112.62644,10,"2024-01-23 15:05:30",0
33,11,fb:fd:2a:a8:e2:b,-7.93681,112.62644,10,"2024-01-23 15:05:40",0
33,11,fb:fd:2a:a8:e2:b,-7.93681,112.62644,10,"2024-01-23 15:05:51",1
33,11,fb:fd:2a:a8:e2:b,-7.93681,112.62644,10,"2024-01-23 15:06:12",0
33,11,fb:fd:2a:a8:e2:b,-7.93681,112.62644,10,"2024-01-23 15:06:22",0
33,11,fb:fd:2a:a8:e2:b,-7.93681,112.62644,10,"2024-01-23 15:06:32",1
33,11,fb:fd:2a:a8:e2:b,-7.93681,112.62644,10,"2024-01-23 15:06:43",0
33,11,fb:fd:2a:a8:e2:b,-7.93681,112.62644,10,"2024-01-23 15:06:53",0
33,11,fb:fd:2a:a8:e2:b,-7.93681,112.62644,10,"2024-01-23 15:07:20",1
33,11,fb:fd:2a:a8:e2:b,-7.93681,112.62644,10,"2024-01-23 15:07:30",0
33,11,fb:fd:2a:a8:e2:b,-7.93681,112.62644,10,"2024-01-23 15:07:46",0
33,11,fb:fd:2a:a8:e2:b,-7.93681,112.62644,10,"2024-01-23 15:07:56",0
33,11,fb:fd:2a:a8:e2:b,-7.93681,112.62644,10,"2024-01-23 15:08:07",1
33,11,fb:fd:2a:a8:e2:b,-7.93681,112.62644,10,"2024-01-23 15:08:17",0
33,11,fb:fd:2a:a8:e2:b,-7.93681,112.62644,10,"2024-01-23 15:08:32",0
33,11,fb:fd:2a:a8:e2:b,-7.93681,112.62644,10,"2024-01-23 15:08:48",1
33,11,fb:fd:2a:a8:e2:b,-7.93681,112.62644,10,"2024-01-23 15:08:59",0
33,11,fb:fd:2a:a8:e2:b,-7.93681,112.62644,10,"2024-01-23 15:09:09",0
33,11,fb:fd:2a:a8:e2:b,-7.93681,112.62644,10,"2024-01-23 15:09:19",0
33,11,fb:fd:2a:a8:e2:b,-7.93681,112.62644,10,"2024-01-23 15:09:30",0
33,11,fb:fd:2a:a8:e2:b,-7.93681,112.62644,10,"2024-01-23 15:09:41",1
33,11,fb:fd:2a:a8:e2:b,-7.93681,112.62644,10,"2024-01-23 15:10:07",1
33,11,fb:fd:2a:a8:e2:b,-7.93681,112.62644,10,"2024-01-23 15:11:10",1
33,11,fb:fd:2a:a8:e2:b,-7.93681,112.62644,10,"2024-01-23 15:11:20",0
33,11,fb:fd:2a:a8:e2:b,-7.93681,112.62644,10,"2024-01-23 15:11:30",0
33,11,fb:fd:2a:a8:e2:b,-7.93681,112.62644,10,"2024-01-23 15:11:40",0
33,11,fb:fd:2a:a8:e2:b,-7.93681,112.62644,10,"2024-01-23 15:11:51",1
33,11,fb:fd:2a:a8:e2:b,-7.93681,112.62644,10,"2024-01-23 15:12:07",0
33,11,fb:fd:2a:a8:e2:b,-7.93681,112.62644,10,"2024-01-23 15:12:22",0
33,11,fb:fd:2a:a8:e2:b,-7.93681,112.62644,10,"2024-01-23 15:12:32",0
33,11,fb:fd:2a:a8:e2:b,-7.93681,112.62644,10,"2024-01-23 15:12:43",1
33,11,fb:fd:2a:a8:e2:b,-7.93681,112.62644,10,"2024-01-23 15:12:54",0
33,11,fb:fd:2a:a8:e2:b,-7.93681,112.62644,10,"2024-01-23 15:13:04",0
33,11,fb:fd:2a:a8:e2:b,-7.93681,112.62644,10,"2024-01-23 15:13:14",0
33,11,fb:fd:2a:a8:e2:b,-7.93681,112.62644,10,"2024-01-23 15:13:25",1
33,11,fb:fd:2a:a8:e2:b,-7.93681,112.62644,10,"2024-01-23 15:13:35",0
33,11,fb:fd:2a:a8:e2:b,-7.93681,112.62644,10,"2024-01-23 15:13:56",0
33,11,fb:fd:2a:a8:e2:b,-7.93681,112.62644,10,"2024-01-23 15:14:07",1
33,11,fb:fd:2a:a8:e2:b,-7.93681,112.62644,10,"2024-01-23 15:14:17",1
33,11,fb:fd:2a:a8:e2:b,-7.93681,112.62644,10,"2024-01-23 15:28:29",0
33,11,fb:fd:2a:a8:e2:b,-7.93681,112.62644,10,"2024-01-23 15:28:39",1
33,11,fb:fd:2a:a8:e2:b,-7.93681,112.62644,10,"2024-01-23 15:29:05",1
33,11,fb:fd:2a:a8:e2:b,-7.93681,112.62644,10,"2024-01-23 15:31:01",1
33,11,fb:fd:2a:a8:e2:b,-7.93681,112.62644,10,"2024-01-23 15:31:31",1
33,11,fb:fd:2a:a8:e2:b,-7.93681,112.62644,10,"2024-01-23 15:33:17",1
33,11,fb:fd:2a:a8:e2:b,-7.93681,112.62644,10,"2024-01-23 15:33:32",1
33,11,fb:fd:2a:a8:e2:b,-7.93681,112.62644,10,"2024-01-23 15:34:18",0
33,11,fb:fd:2a:a8:e2:b,-7.93681,112.62644,10,"2024-01-23 15:34:29",0
33,11,fb:fd:2a:a8:e2:b,-7.93681,112.62644,10,"2024-01-23 15:34:44",1
33,11,fb:fd:2a:a8:e2:b,-7.93681,112.62644,10,"2024-01-23 15:35:11",1
33,11,fb:fd:2a:a8:e2:b,-7.93681,112.62644,10,"2024-01-23 15:36:03",1
33,11,fb:fd:2a:a8:e2:b,-7.93681,112.62644,10,"2024-01-23 15:36:44",1
33,11,fb:fd:2a:a8:e2:b,-7.93681,112.62644,10,"2024-01-23 15:37:26",1
33,11,fb:fd:2a:a8:e2:b,-7.93681,112.62644,10,"2024-01-23 15:45:11",1
33,11,fb:fd:2a:a8:e2:b,-7.93681,112.62644,10,"2024-01-23 15:48:09",1
33,11,fb:fd:2a:a8:e2:b,-7.95655,112.61265,10,"2024-01-23 16:54:49",0
33,11,fb:fd:2a:a8:e2:b,-7.95655,112.61265,10,"2024-01-23 16:55:04",0
33,11,fb:fd:2a:a8:e2:b,-7.95655,112.61265,10,"2024-01-23 16:55:14",1
33,11,fb:fd:2a:a8:e2:b,-7.95655,112.61265,10,"2024-01-23 16:55:36",0
33,11,fb:fd:2a:a8:e2:b,-7.95655,112.61265,10,"2024-01-23 16:55:51",0
33,11,fb:fd:2a:a8:e2:b,-7.95655,112.61265,10,"2024-01-23 16:56:04",0
33,11,fb:fd:2a:a8:e2:b,-7.95655,112.61265,10,"2024-01-23 16:56:12",1
33,11,fb:fd:2a:a8:e2:b,-7.95655,112.61265,10,"2024-01-23 16:56:25",0
33,11,fb:fd:2a:a8:e2:b,-7.95655,112.61265,10,"2024-01-23 16:56:38",0
33,11,fb:fd:2a:a8:e2:b,-7.95655,112.61265,10,"2024-01-23 16:56:49",0
33,11,fb:fd:2a:a8:e2:b,-7.95655,112.61265,10,"2024-01-23 16:56:59",1
33,11,fb:fd:2a:a8:e2:b,-7.95655,112.61265,10,"2024-01-23 16:57:09",0
33,11,fb:fd:2a:a8:e2:b,-7.95655,112.61265,10,"2024-01-23 16:57:21",0
33,11,fb:fd:2a:a8:e2:b,-7.95655,112.61265,10,"2024-01-23 16:57:30",0
33,11,fb:fd:2a:a8:e2:b,-7.95655,112.61265,10,"2024-01-23 16:57:46",1
33,11,fb:fd:2a:a8:e2:b,-7.95655,112.61265,10,"2024-01-23 16:57:56",0
33,11,fb:fd:2a:a8:e2:b,-7.95655,112.61265,10,"2024-01-23 16:58:17",0
33,11,fb:fd:2a:a8:e2:b,-7.95655,112.61265,10,"2024-01-23 16:58:28",1
33,11,fb:fd:2a:a8:e2:b,-7.95655,112.61265,10,"2024-01-23 16:58:55",0
33,11,fb:fd:2a:a8:e2:b,-7.95655,112.61265,10,"2024-01-23 16:59:05",1
33,11,fb:fd:2a:a8:e2:b,-7.95655,112.61265,10,"2024-01-23 16:59:21",0
33,11,fb:fd:2a:a8:e2:b,-7.95655,112.61265,10,"2024-01-23 16:59:35",0
33,11,fb:fd:2a:a8:e2:b,-7.95655,112.61265,10,"2024-01-23 16:59:57",1
33,11,fb:fd:2a:a8:e2:b,-7.95655,112.61265,10,"2024-01-23 17:00:07",0
33,11,fb:fd:2a:a8:e2:b,-7.95655,112.61265,10,"2024-01-23 17:00:23",0
33,11,fb:fd:2a:a8:e2:b,-7.95655,112.61265,10,"2024-01-23 17:00:33",1
33,11,fb:fd:2a:a8:e2:b,-7.95655,112.61265,10,"2024-01-23 17:00:45",0
33,11,fb:fd:2a:a8:e2:b,-7.95655,112.61265,10,"2024-01-23 17:00:54",0
33,11,fb:fd:2a:a8:e2:b,-7.95655,112.61265,10,"2024-01-23 17:01:05",1
33,11,fb:fd:2a:a8:e2:b,-7.95655,112.61265,10,"2024-01-23 17:01:36",0
33,11,fb:fd:2a:a8:e2:b,-7.95655,112.61265,10,"2024-01-23 17:01:52",0
33,11,fb:fd:2a:a8:e2:b,-7.95655,112.61265,10,"2024-01-23 17:02:02",0
33,11,f2:ab:73:19:59:7,-7.94325,112.61045,10,"2024-01-23 17:02:04",1
33,11,f2:ab:73:19:59:7,-7.94325,112.61045,10,"2024-01-23 17:02:12",0
33,11,fb:fd:2a:a8:e2:b,-7.95655,112.61265,10,"2024-01-23 17:02:13",0
33,11,f2:ab:73:19:59:7,-7.94325,112.61045,10,"2024-01-23 17:02:21",0
33,11,fb:fd:2a:a8:e2:b,-7.95655,112.61265,10,"2024-01-23 17:02:28",0
33,11,f2:ab:73:19:59:7,-7.94325,112.61045,10,"2024-01-23 17:02:29",0
33,11,f2:ab:73:19:59:7,-7.94325,112.61045,10,"2024-01-23 17:02:36",0
33,11,f2:ab:73:19:59:7,-7.94325,112.61045,10,"2024-01-23 17:02:43",0
33,11,fb:fd:2a:a8:e2:b,-7.95655,112.61265,10,"2024-01-23 17:02:44",0
33,11,f2:ab:73:19:59:7,-7.94325,112.61045,10,"2024-01-23 17:02:50",1
33,11,fb:fd:2a:a8:e2:b,-7.95655,112.61265,10,"2024-01-23 17:02:54",0
33,11,f2:ab:73:19:59:7,-7.94325,112.61045,10,"2024-01-23 17:03:00",0
33,11,f2:ab:73:19:59:7,-7.94325,112.61045,10,"2024-01-23 17:03:07",0
33,11,f2:ab:73:19:59:7,-7.94325,112.61045,10,"2024-01-23 17:03:15",0
33,11,f2:ab:73:19:59:7,-7.94325,112.61045,10,"2024-01-23 17:03:22",0
33,11,fb:fd:2a:a8:e2:b,-7.95655,112.61265,10,"2024-01-23 17:03:26",0
33,11,f2:ab:73:19:59:7,-7.94325,112.61045,10,"2024-01-23 17:03:30",1
33,11,fb:fd:2a:a8:e2:b,-7.95655,112.61265,10,"2024-01-23 17:03:36",0
33,11,f2:ab:73:19:59:7,-7.94325,112.61045,10,"2024-01-23 17:03:39",0
33,11,fb:fd:2a:a8:e2:b,-7.95655,112.61265,10,"2024-01-23 17:03:47",0
33,11,f2:ab:73:19:59:7,-7.94325,112.61045,10,"2024-01-23 17:03:47",0
33,11,f2:ab:73:19:59:7,-7.94325,112.61045,10,"2024-01-23 17:03:55",0
33,11,fb:fd:2a:a8:e2:b,-7.95655,112.61265,10,"2024-01-23 17:03:58",0
33,11,f2:ab:73:19:59:7,-7.94325,112.61045,10,"2024-01-23 17:04:09",1
33,11,fb:fd:2a:a8:e2:b,-7.95655,112.61265,10,"2024-01-23 17:04:34",0
33,11,fb:fd:2a:a8:e2:b,-7.95655,112.61265,10,"2024-01-23 17:05:18",0
33,11,fb:fd:2a:a8:e2:b,-7.95655,112.61265,10,"2024-01-23 17:05:32",0
33,11,fb:fd:2a:a8:e2:b,-7.95655,112.61265,10,"2024-01-23 17:06:08",0
33,11,fb:fd:2a:a8:e2:b,-7.95655,112.61265,10,"2024-01-23 17:06:18",0
33,11,fb:fd:2a:a8:e2:b,-7.95655,112.61265,10,"2024-01-23 17:07:06",0
33,11,fb:fd:2a:a8:e2:b,-7.95655,112.61265,10,"2024-01-23 17:07:15",0
33,11,fb:fd:2a:a8:e2:b,-7.95655,112.61265,10,"2024-01-23 17:07:37",0
33,11,fb:fd:2a:a8:e2:b,-7.95655,112.61265,10,"2024-01-23 17:08:02",0
33,11,fb:fd:2a:a8:e2:b,-7.95655,112.61265,10,"2024-01-23 17:08:23",0
33,11,fb:fd:2a:a8:e2:b,-7.95655,112.61265,10,"2024-01-23 17:08:34",0
33,11,fb:fd:2a:a8:e2:b,-7.95655,112.61265,10,"2024-01-23 17:09:01",0
33,11,fb:fd:2a:a8:e2:b,-7.95655,112.61265,10,"2024-01-23 17:09:10",0
33,11,fb:fd:2a:a8:e2:b,-7.95655,112.61265,10,"2024-01-23 17:09:21",1
33,11,fb:fd:2a:a8:e2:b,-7.95655,112.61265,10,"2024-01-23 17:09:36",1
33,11,fb:fd:2a:a8:e2:b,-7.97694,112.63335,10,"2024-01-23 17:27:27",0
33,11,fb:fd:2a:a8:e2:b,-7.97694,112.63335,10,"2024-01-23 17:27:37",0
33,11,fb:fd:2a:a8:e2:b,-7.97694,112.63335,10,"2024-01-23 17:27:48",0
33,11,fb:fd:2a:a8:e2:b,-7.97694,112.63335,10,"2024-01-23 17:27:58",1
33,11,fb:fd:2a:a8:e2:b,-7.97694,112.63335,10,"2024-01-23 17:28:09",0
33,11,fb:fd:2a:a8:e2:b,-7.97694,112.63335,10,"2024-01-23 17:28:19",0
33,11,fb:fd:2a:a8:e2:b,-7.97694,112.63335,10,"2024-01-23 17:28:29",1
33,11,fb:fd:2a:a8:e2:b,-7.97694,112.63335,10,"2024-01-23 17:28:45",0
33,11,fb:fd:2a:a8:e2:b,-7.97694,112.63335,10,"2024-01-23 17:28:56",0
33,11,fb:fd:2a:a8:e2:b,-7.97694,112.63335,10,"2024-01-23 17:29:17",1
33,11,fb:fd:2a:a8:e2:b,-7.97694,112.63335,10,"2024-01-23 17:29:27",0
33,11,fb:fd:2a:a8:e2:b,-7.97694,112.63335,10,"2024-01-23 17:29:37",0
33,11,fb:fd:2a:a8:e2:b,-7.97694,112.63335,10,"2024-01-23 17:29:53",0
33,11,fb:fd:2a:a8:e2:b,-7.97694,112.63335,10,"2024-01-23 17:30:04",1
33,11,fb:fd:2a:a8:e2:b,-7.97694,112.63335,10,"2024-01-23 17:30:14",0
33,11,fb:fd:2a:a8:e2:b,-7.97694,112.63335,10,"2024-01-23 17:30:29",0
33,11,fb:fd:2a:a8:e2:b,-7.97694,112.63335,10,"2024-01-23 17:30:40",1
33,11,fb:fd:2a:a8:e2:b,-7.97694,112.63335,10,"2024-01-23 17:30:50",0
33,11,fb:fd:2a:a8:e2:b,-7.97694,112.63335,10,"2024-01-23 17:31:07",0
33,11,fb:fd:2a:a8:e2:b,-7.97694,112.63335,10,"2024-01-23 17:31:22",1
33,11,fb:fd:2a:a8:e2:b,-7.97694,112.63335,10,"2024-01-23 17:31:32",0
33,11,fb:fd:2a:a8:e2:b,-7.97694,112.63335,10,"2024-01-23 17:31:48",0
33,11,fb:fd:2a:a8:e2:b,-7.97694,112.63335,10,"2024-01-23 17:32:04",1
33,11,fb:fd:2a:a8:e2:b,-7.97694,112.63335,10,"2024-01-23 17:32:14",0
33,11,fb:fd:2a:a8:e2:b,-7.97694,112.63335,10,"2024-01-23 17:32:25",0
33,11,fb:fd:2a:a8:e2:b,-7.97694,112.63335,10,"2024-01-23 17:32:35",0
33,11,fb:fd:2a:a8:e2:b,-7.97694,112.63335,10,"2024-01-23 17:32:45",1
33,11,fb:fd:2a:a8:e2:b,-7.97694,112.63335,10,"2024-01-23 17:32:56",0
33,11,fb:fd:2a:a8:e2:b,-7.97694,112.63335,10,"2024-01-23 17:33:11",0
33,11,fb:fd:2a:a8:e2:b,-7.97694,112.63335,10,"2024-01-23 17:33:22",1
33,11,fb:fd:2a:a8:e2:b,-7.97694,112.63335,10,"2024-01-23 17:33:32",0
33,11,fb:fd:2a:a8:e2:b,-7.97694,112.63335,10,"2024-01-23 17:33:43",0
33,11,fb:fd:2a:a8:e2:b,-7.97694,112.63335,10,"2024-01-23 17:33:58",0
33,11,fb:fd:2a:a8:e2:b,-7.97694,112.63335,10,"2024-01-23 17:34:09",1
33,11,fb:fd:2a:a8:e2:b,-7.97694,112.63335,10,"2024-01-23 17:34:19",0
33,11,fb:fd:2a:a8:e2:b,-7.97694,112.63335,10,"2024-01-23 17:34:30",0
33,11,fb:fd:2a:a8:e2:b,-7.97694,112.63335,10,"2024-01-23 17:34:40",0
33,11,fb:fd:2a:a8:e2:b,-7.97694,112.63335,10,"2024-01-23 17:34:51",1
33,11,fb:fd:2a:a8:e2:b,-7.97694,112.63335,10,"2024-01-23 17:35:01",0
33,11,fb:fd:2a:a8:e2:b,-7.97694,112.63335,10,"2024-01-23 17:35:12",0
33,11,fb:fd:2a:a8:e2:b,-7.97694,112.63335,10,"2024-01-23 17:35:22",0
33,11,fb:fd:2a:a8:e2:b,-7.97694,112.63335,10,"2024-01-23 17:35:32",0
33,11,fb:fd:2a:a8:e2:b,-7.97694,112.63335,10,"2024-01-23 17:35:43",1
33,11,fb:fd:2a:a8:e2:b,-7.97694,112.63335,10,"2024-01-23 17:35:53",0
33,11,fb:fd:2a:a8:e2:b,-7.97694,112.63335,10,"2024-01-23 17:36:04",1
33,11,fb:fd:2a:a8:e2:b,-7.97250,112.62180,10,"2024-01-23 17:45:09",0
33,11,fb:fd:2a:a8:e2:b,-7.97250,112.62180,10,"2024-01-23 17:45:17",1
33,11,fb:fd:2a:a8:e2:b,-7.97250,112.62180,10,"2024-01-23 17:45:28",0
33,11,fb:fd:2a:a8:e2:b,-7.97250,112.62180,10,"2024-01-23 17:45:38",0
33,11,fb:fd:2a:a8:e2:b,-7.97250,112.62180,10,"2024-01-23 17:45:49",1
33,11,fb:fd:2a:a8:e2:b,-7.97250,112.62180,10,"2024-01-23 17:46:00",0
33,11,fb:fd:2a:a8:e2:b,-7.97250,112.62180,10,"2024-01-23 17:46:10",0
33,11,fb:fd:2a:a8:e2:b,-7.97250,112.62180,10,"2024-01-23 17:46:21",0
33,11,fb:fd:2a:a8:e2:b,-7.97250,112.62180,10,"2024-01-23 17:46:36",1
33,11,fb:fd:2a:a8:e2:b,-7.97250,112.62180,10,"2024-01-23 17:46:52",0
33,11,fb:fd:2a:a8:e2:b,-7.97250,112.62180,10,"2024-01-23 17:47:02",0
33,11,fb:fd:2a:a8:e2:b,-7.97250,112.62180,10,"2024-01-23 17:47:13",1
33,11,fb:fd:2a:a8:e2:b,-7.97250,112.62180,10,"2024-01-23 17:47:25",0
33,11,fb:fd:2a:a8:e2:b,-7.97250,112.62180,10,"2024-01-23 17:47:33",0
33,11,fb:fd:2a:a8:e2:b,-7.97250,112.62180,10,"2024-01-23 17:47:44",0
33,11,fb:fd:2a:a8:e2:b,-7.97250,112.62180,10,"2024-01-23 17:47:54",1
33,11,fb:fd:2a:a8:e2:b,-7.97250,112.62180,10,"2024-01-23 17:48:09",1
33,11,fb:fd:2a:a8:e2:b,-7.97250,112.62180,10,"2024-01-23 17:49:07",1
33,11,fb:fd:2a:a8:e2:b,-7.96344,112.62536,10,"2024-01-23 17:53:08",0
33,11,fb:fd:2a:a8:e2:b,-7.96344,112.62536,10,"2024-01-23 17:53:19",0
33,11,fb:fd:2a:a8:e2:b,-7.96344,112.62536,10,"2024-01-23 17:53:28",0
33,11,fb:fd:2a:a8:e2:b,-7.96344,112.62536,10,"2024-01-23 17:53:39",1
33,11,fb:fd:2a:a8:e2:b,-7.96344,112.62536,10,"2024-01-23 17:53:51",0
33,11,fb:fd:2a:a8:e2:b,-7.96344,112.62536,10,"2024-01-23 17:54:00",0
33,11,fb:fd:2a:a8:e2:b,-7.96344,112.62536,10,"2024-01-23 17:54:11",1
33,11,fb:fd:2a:a8:e2:b,-7.96344,112.62536,10,"2024-01-23 17:54:43",0
33,11,fb:fd:2a:a8:e2:b,-7.96344,112.62536,10,"2024-01-23 17:54:57",0
33,11,fb:fd:2a:a8:e2:b,-7.96344,112.62536,10,"2024-01-23 17:55:08",0
33,11,fb:fd:2a:a8:e2:b,-7.96344,112.62536,10,"2024-01-23 17:55:19",1
33,11,fb:fd:2a:a8:e2:b,-7.96344,112.62536,10,"2024-01-23 17:55:29",0
33,11,fb:fd:2a:a8:e2:b,-7.96344,112.62536,10,"2024-01-23 17:56:05",1
33,11,fb:fd:2a:a8:e2:b,-7.96344,112.62536,10,"2024-01-23 17:56:31",1
33,11,fb:fd:2a:a8:e2:b,-7.96344,112.62536,10,"2024-01-23 17:56:52",0
33,11,fb:fd:2a:a8:e2:b,-7.96344,112.62536,10,"2024-01-23 17:57:02",0
33,11,fb:fd:2a:a8:e2:b,-7.96344,112.62536,10,"2024-01-23 17:57:24",1
33,11,fb:fd:2a:a8:e2:b,-7.96344,112.62536,10,"2024-01-23 17:57:39",0
33,11,fb:fd:2a:a8:e2:b,-7.96344,112.62536,10,"2024-01-23 17:58:05",1
33,11,fb:fd:2a:a8:e2:b,-7.96344,112.62536,10,"2024-01-23 17:58:16",0
33,11,fb:fd:2a:a8:e2:b,-7.96344,112.62536,10,"2024-01-23 17:58:37",0
33,11,fb:fd:2a:a8:e2:b,-7.96344,112.62536,10,"2024-01-23 17:58:47",1
33,11,fb:fd:2a:a8:e2:b,-7.96344,112.62536,10,"2024-01-23 17:59:06",0
33,11,fb:fd:2a:a8:e2:b,-7.96344,112.62536,10,"2024-01-23 17:59:18",0
33,11,fb:fd:2a:a8:e2:b,-7.96344,112.62536,10,"2024-01-23 17:59:34",1
33,11,fb:fd:2a:a8:e2:b,-7.96344,112.62536,10,"2024-01-23 17:59:45",0
33,11,fb:fd:2a:a8:e2:b,-7.96344,112.62536,10,"2024-01-23 17:59:54",0
33,11,fb:fd:2a:a8:e2:b,-7.96344,112.62536,10,"2024-01-23 18:00:05",0
33,11,fb:fd:2a:a8:e2:b,-7.96344,112.62536,10,"2024-01-23 18:00:15",1
33,11,fb:fd:2a:a8:e2:b,-7.96344,112.62536,10,"2024-01-23 18:00:26",0
33,11,fb:fd:2a:a8:e2:b,-7.96344,112.62536,10,"2024-01-23 18:00:36",0
33,11,fb:fd:2a:a8:e2:b,-7.96344,112.62536,10,"2024-01-23 18:00:48",0
33,11,fb:fd:2a:a8:e2:b,-7.96344,112.62536,10,"2024-01-23 18:00:57",1
33,11,fb:fd:2a:a8:e2:b,-7.96344,112.62536,10,"2024-01-23 18:01:08",1
33,11,fb:fd:2a:a8:e2:b,-7.94982,112.61556,10,"2024-01-23 18:16:59",0
33,11,fb:fd:2a:a8:e2:b,-7.94982,112.61556,10,"2024-01-23 18:17:15",0
33,11,fb:fd:2a:a8:e2:b,-7.94982,112.61556,10,"2024-01-23 18:17:25",0
33,11,fb:fd:2a:a8:e2:b,-7.94982,112.61556,10,"2024-01-23 18:17:37",1
33,11,fb:fd:2a:a8:e2:b,-7.94982,112.61556,10,"2024-01-23 18:19:14",0
33,11,fb:fd:2a:a8:e2:b,-7.94982,112.61556,10,"2024-01-23 18:19:24",0
33,11,fb:fd:2a:a8:e2:b,-7.94982,112.61556,10,"2024-01-23 18:19:35",1
33,11,fb:fd:2a:a8:e2:b,-7.94982,112.61556,10,"2024-01-23 18:19:50",0
33,11,fb:fd:2a:a8:e2:b,-7.94982,112.61556,10,"2024-01-23 18:20:01",0
33,11,fb:fd:2a:a8:e2:b,-7.94982,112.61556,10,"2024-01-23 18:20:11",1
33,11,fb:fd:2a:a8:e2:b,-7.94982,112.61556,10,"2024-01-23 18:20:56",1
33,11,fb:fd:2a:a8:e2:b,-7.94982,112.61556,10,"2024-01-23 18:21:09",0
33,11,fb:fd:2a:a8:e2:b,-7.94982,112.61556,10,"2024-01-23 18:21:20",0
33,11,fb:fd:2a:a8:e2:b,-7.94982,112.61556,10,"2024-01-23 18:21:35",0
33,11,fb:fd:2a:a8:e2:b,-7.94982,112.61556,10,"2024-01-23 18:21:46",1
33,11,fb:fd:2a:a8:e2:b,-7.94982,112.61556,10,"2024-01-23 18:22:01",1
33,11,fb:fd:2a:a8:e2:b,-7.94982,112.61556,10,"2024-01-23 18:24:07",0
33,11,fb:fd:2a:a8:e2:b,-7.94982,112.61556,10,"2024-01-23 18:24:17",0
33,11,fb:fd:2a:a8:e2:b,-7.94982,112.61556,10,"2024-01-23 18:24:27",0
33,11,fb:fd:2a:a8:e2:b,-7.94982,112.61556,10,"2024-01-23 18:24:38",1
33,11,fb:fd:2a:a8:e2:b,-7.94982,112.61556,10,"2024-01-23 18:24:49",0
33,11,fb:fd:2a:a8:e2:b,-7.94982,112.61556,10,"2024-01-23 18:25:06",0
33,11,fb:fd:2a:a8:e2:b,-7.94982,112.61556,10,"2024-01-23 18:25:15",1
33,11,fb:fd:2a:a8:e2:b,-7.94982,112.61556,10,"2024-01-23 18:25:25",0
33,11,fb:fd:2a:a8:e2:b,-7.94982,112.61556,10,"2024-01-23 18:25:36",0
33,11,fb:fd:2a:a8:e2:b,-7.94982,112.61556,10,"2024-01-23 18:25:45",0
33,11,fb:fd:2a:a8:e2:b,-7.94982,112.61556,10,"2024-01-23 18:25:56",1
33,11,fb:fd:2a:a8:e2:b,-7.94982,112.61556,10,"2024-01-23 18:26:18",1
33,11,fb:fd:2a:a8:e2:b,-7.94325,112.61045,10,"2024-01-23 18:29:14",1
33,11,fb:fd:2a:a8:e2:b,-7.94325,112.61045,10,"2024-01-23 18:29:41",1
33,11,fb:fd:2a:a8:e2:b,-7.93338,112.60354,10,"2024-01-23 18:32:38",1
33,11,fb:fd:2a:a8:e2:b,-7.93338,112.60354,10,"2024-01-23 18:32:54",0
33,11,fb:fd:2a:a8:e2:b,-7.93338,112.60354,10,"2024-01-23 18:33:05",0
33,11,fb:fd:2a:a8:e2:b,-7.93338,112.60354,10,"2024-01-23 18:33:25",1
33,11,fb:fd:2a:a8:e2:b,-7.93338,112.60354,10,"2024-01-23 18:33:36",0
33,11,fb:fd:2a:a8:e2:b,-7.93338,112.60354,10,"2024-01-23 18:33:51",0
33,11,fb:fd:2a:a8:e2:b,-7.93338,112.60354,10,"2024-01-23 18:34:12",1
33,11,fb:fd:2a:a8:e2:b,-7.93338,112.60354,10,"2024-01-23 18:34:28",0
33,11,fb:fd:2a:a8:e2:b,-7.93338,112.60354,10,"2024-01-23 18:34:38",0
33,11,fb:fd:2a:a8:e2:b,-7.93338,112.60354,10,"2024-01-23 18:34:49",0
33,11,fb:fd:2a:a8:e2:b,-7.93338,112.60354,10,"2024-01-23 18:34:59",1
33,11,fb:fd:2a:a8:e2:b,-7.93338,112.60354,10,"2024-01-23 18:35:13",0
33,11,fb:fd:2a:a8:e2:b,-7.93338,112.60354,10,"2024-01-23 18:35:20",0
33,11,fb:fd:2a:a8:e2:b,-7.93338,112.60354,10,"2024-01-23 18:35:32",0
33,11,fb:fd:2a:a8:e2:b,-7.93338,112.60354,10,"2024-01-23 18:35:43",1
33,11,fb:fd:2a:a8:e2:b,-7.93338,112.60354,10,"2024-01-23 18:35:57",0
33,11,fb:fd:2a:a8:e2:b,-7.93338,112.60354,10,"2024-01-23 18:36:08",0
33,11,fb:fd:2a:a8:e2:b,-7.93338,112.60354,10,"2024-01-23 18:36:17",0
33,11,fb:fd:2a:a8:e2:b,-7.93338,112.60354,10,"2024-01-23 18:36:33",1
33,11,fb:fd:2a:a8:e2:b,-7.93338,112.60354,10,"2024-01-23 18:36:44",0
33,11,fb:fd:2a:a8:e2:b,-7.93338,112.60354,10,"2024-01-23 18:36:54",0
33,11,fb:fd:2a:a8:e2:b,-7.93338,112.60354,10,"2024-01-23 18:37:10",1
33,11,fb:fd:2a:a8:e2:b,-7.93338,112.60354,10,"2024-01-23 18:37:25",0
33,11,fb:fd:2a:a8:e2:b,-7.93338,112.60354,10,"2024-01-23 18:37:36",0
33,11,fb:fd:2a:a8:e2:b,-7.93338,112.60354,10,"2024-01-23 18:37:47",0
33,11,fb:fd:2a:a8:e2:b,-7.93338,112.60354,10,"2024-01-23 18:37:57",0
33,11,fb:fd:2a:a8:e2:b,-7.93338,112.60354,10,"2024-01-23 18:38:07",1
33,11,fb:fd:2a:a8:e2:b,-7.93338,112.60354,10,"2024-01-23 18:38:18",0
33,11,fb:fd:2a:a8:e2:b,-7.93338,112.60354,10,"2024-01-23 18:38:40",1
33,11,fb:fd:2a:a8:e2:b,-7.93338,112.60354,10,"2024-01-23 18:38:54",0
33,11,fb:fd:2a:a8:e2:b,-7.93338,112.60354,10,"2024-01-23 18:39:10",0
33,11,fb:fd:2a:a8:e2:b,-7.93338,112.60354,10,"2024-01-23 18:39:23",1
33,11,fb:fd:2a:a8:e2:b,-7.93338,112.60354,10,"2024-01-23 18:39:41",1
33,11,fb:fd:2a:a8:e2:b,-7.94325,112.61045,10,"2024-01-23 18:43:26",1
33,11,fb:fd:2a:a8:e2:b,-7.94325,112.61045,10,"2024-01-23 18:44:23",1
33,11,fb:fd:2a:a8:e2:b,-7.94325,112.61045,10,"2024-01-23 18:46:02",1
33,11,fb:fd:2a:a8:e2:b,-7.94325,112.61045,10,"2024-01-23 18:46:29",0
33,11,fb:fd:2a:a8:e2:b,-7.94325,112.61045,10,"2024-01-23 18:46:49",1
33,11,fb:fd:2a:a8:e2:b,-7.94325,112.61045,10,"2024-01-23 20:02:38",1
33,10,f2:ab:73:19:59:7,-7.93324,112.60354,10,"2024-01-24 06:52:27",1
33,10,f2:ab:73:19:59:7,-7.93324,112.60354,10,"2024-01-24 06:58:09",1
33,10,f2:ab:73:19:59:7,-7.94329,112.61047,10,"2024-01-24 07:00:20",1
33,10,f2:ab:73:19:59:7,-7.94979,112.61559,10,"2024-01-24 07:01:48",0
33,10,f2:ab:73:19:59:7,-7.94979,112.61559,10,"2024-01-24 07:01:53",0
33,10,f2:ab:73:19:59:7,-7.94979,112.61559,10,"2024-01-24 07:01:57",1
33,10,f2:ab:73:19:59:7,-7.94979,112.61559,10,"2024-01-24 07:11:37",0
33,10,f2:ab:73:19:59:7,-7.94979,112.61559,10,"2024-01-24 07:11:48",1
33,10,f2:ab:73:19:59:7,-7.94329,112.61047,10,"2024-01-24 07:13:17",0
33,10,f2:ab:73:19:59:7,-7.94329,112.61047,10,"2024-01-24 07:13:25",0
33,10,f2:ab:73:19:59:7,-7.94329,112.61047,10,"2024-01-24 07:13:33",1
33,10,f2:ab:73:19:59:7,-7.94329,112.61047,10,"2024-01-24 07:13:42",0
33,10,f2:ab:73:19:59:7,-7.94329,112.61047,10,"2024-01-24 07:13:50",0
33,10,f2:ab:73:19:59:7,-7.94329,112.61047,10,"2024-01-24 07:13:58",0
33,10,f2:ab:73:19:59:7,-7.94329,112.61047,10,"2024-01-24 07:14:06",0
33,10,f2:ab:73:19:59:7,-7.94329,112.61047,10,"2024-01-24 07:14:14",0
33,10,f2:ab:73:19:59:7,-7.94329,112.61047,10,"2024-01-24 07:14:22",1
33,10,f2:ab:73:19:59:7,-7.94329,112.61047,10,"2024-01-24 07:14:29",0
33,10,f2:ab:73:19:59:7,-7.94329,112.61047,10,"2024-01-24 07:14:37",0
33,10,f2:ab:73:19:59:7,-7.94329,112.61047,10,"2024-01-24 07:14:45",0
33,10,f2:ab:73:19:59:7,-7.94329,112.61047,10,"2024-01-24 07:14:53",0
33,10,f2:ab:73:19:59:7,-7.94329,112.61047,10,"2024-01-24 07:15:02",0
33,10,f2:ab:73:19:59:7,-7.94329,112.61047,10,"2024-01-24 07:15:10",1
33,10,f2:ab:73:19:59:7,-7.95658,112.61276,10,"2024-01-24 07:19:16",0
33,10,f2:ab:73:19:59:7,-7.95658,112.61276,10,"2024-01-24 07:19:22",1
33,10,f2:ab:73:19:59:7,-7.96334,112.62548,10,"2024-01-24 07:26:25",0
33,10,f2:ab:73:19:59:7,-7.96334,112.62548,10,"2024-01-24 07:26:32",0
33,10,f2:ab:73:19:59:7,-7.96334,112.62548,10,"2024-01-24 07:26:40",1
33,10,f2:ab:73:19:59:7,-7.97223,112.62190,10,"2024-01-24 07:28:20",0
33,10,f2:ab:73:19:59:7,-7.97223,112.62190,10,"2024-01-24 07:28:26",1
33,10,f2:ab:73:19:59:7,-7.97693,112.63340,10,"2024-01-24 07:34:06",1
33,10,f2:ab:73:19:59:7,-7.97693,112.63340,10,"2024-01-24 07:34:14",0
33,10,f2:ab:73:19:59:7,-7.97693,112.63340,10,"2024-01-24 07:34:23",0
33,10,f2:ab:73:19:59:7,-7.97693,112.63340,10,"2024-01-24 07:34:33",0
33,10,f2:ab:73:19:59:7,-7.97693,112.63340,10,"2024-01-24 07:34:41",0
33,10,f2:ab:73:19:59:7,-7.97693,112.63340,10,"2024-01-24 07:34:58",1
33,10,f2:ab:73:19:59:7,-7.97693,112.63340,10,"2024-01-24 07:35:07",0
33,10,f2:ab:73:19:59:7,-7.97693,112.63340,10,"2024-01-24 07:35:16",1
33,10,f2:ab:73:19:59:7,-7.97693,112.63340,10,"2024-01-24 07:36:00",1
33,10,f2:ab:73:19:59:7,-7.97693,112.63340,10,"2024-01-24 07:37:34",1
33,10,f2:ab:73:19:59:7,-7.95658,112.61276,10,"2024-01-24 09:03:57",0
33,10,f2:ab:73:19:59:7,-7.95658,112.61276,10,"2024-01-24 09:04:05",1
33,10,f2:ab:73:19:59:7,-7.94329,112.61047,10,"2024-01-24 09:07:48",0
33,10,f2:ab:73:19:59:7,-7.94329,112.61047,10,"2024-01-24 09:07:55",1
33,10,f2:ab:73:19:59:7,-7.93324,112.60354,10,"2024-01-24 09:10:54",1
33,10,fb:fd:2a:a8:e2:b,-7.94329,112.61047,10,"2024-01-24 11:45:43",1
33,10,fb:fd:2a:a8:e2:b,-7.94329,112.61047,10,"2024-01-24 11:45:53",1
33,10,fb:fd:2a:a8:e2:b,-7.94329,112.61047,10,"2024-01-24 11:46:46",0
33,10,fb:fd:2a:a8:e2:b,-7.94329,112.61047,10,"2024-01-24 11:47:12",1
33,10,fb:fd:2a:a8:e2:b,-7.94329,112.61047,10,"2024-01-24 11:49:22",1
33,11,f2:ab:73:19:59:7,-7.93338,112.60354,10,"2024-01-24 15:06:55",1
33,11,f2:ab:73:19:59:7,-7.94325,112.61045,10,"2024-01-24 15:11:07",0
33,11,f2:ab:73:19:59:7,-7.94325,112.61045,10,"2024-01-24 15:11:18",1
33,11,f2:ab:73:19:59:7,-7.95655,112.61265,10,"2024-01-24 15:14:50",1
33,11,f2:ab:73:19:59:7,-7.95655,112.61265,10,"2024-01-24 15:14:57",1
33,11,f2:ab:73:19:59:7,-7.95655,112.61265,10,"2024-01-24 15:16:12",1
33,11,f2:ab:73:19:59:7,-7.97694,112.63335,10,"2024-01-24 16:17:10",0
33,11,f2:ab:73:19:59:7,-7.97694,112.63335,10,"2024-01-24 16:17:19",1
33,11,f2:ab:73:19:59:7,-7.97694,112.63335,10,"2024-01-24 16:17:27",0
33,11,f2:ab:73:19:59:7,-7.97694,112.63335,10,"2024-01-24 16:17:37",0
33,11,f2:ab:73:19:59:7,-7.97694,112.63335,10,"2024-01-24 16:17:45",1
33,11,f2:ab:73:19:59:7,-7.97694,112.63335,10,"2024-01-24 16:29:44",1
33,11,f2:ab:73:19:59:7,-7.97250,112.62180,10,"2024-01-24 16:37:54",1
33,11,f2:ab:73:19:59:7,-7.97250,112.62180,10,"2024-01-24 16:38:13",1
33,11,f2:ab:73:19:59:7,-7.94982,112.61556,10,"2024-01-24 16:56:33",1
33,11,f2:ab:73:19:59:7,-7.94325,112.61045,10,"2024-01-24 17:01:46",0
33,11,f2:ab:73:19:59:7,-7.94325,112.61045,10,"2024-01-24 17:01:54",1
33,11,f2:ab:73:19:59:7,-7.94325,112.61045,10,"2024-01-24 17:02:03",1
33,10,f2:ab:73:19:59:7,-7.93324,112.60354,10,"2024-01-25 06:53:05",1
33,10,f2:ab:73:19:59:7,-7.93324,112.60354,10,"2024-01-25 06:58:12",1
33,10,f2:ab:73:19:59:7,-7.94329,112.61047,10,"2024-01-25 07:00:02",0
33,10,f2:ab:73:19:59:7,-7.94329,112.61047,10,"2024-01-25 07:00:10",1
33,10,f2:ab:73:19:59:7,-7.94979,112.61559,10,"2024-01-25 07:01:27",1
33,10,f2:ab:73:19:59:7,-7.94979,112.61559,10,"2024-01-25 07:09:42",1
33,10,f2:ab:73:19:59:7,-7.94329,112.61047,10,"2024-01-25 07:11:05",0
33,10,f2:ab:73:19:59:7,-7.94329,112.61047,10,"2024-01-25 07:11:12",0
33,10,f2:ab:73:19:59:7,-7.94329,112.61047,10,"2024-01-25 07:11:21",0
33,10,f2:ab:73:19:59:7,-7.94329,112.61047,10,"2024-01-25 07:11:28",1
33,10,f2:ab:73:19:59:7,-7.94329,112.61047,10,"2024-01-25 07:11:35",0
33,10,f2:ab:73:19:59:7,-7.94329,112.61047,10,"2024-01-25 07:11:45",0
33,10,f2:ab:73:19:59:7,-7.94329,112.61047,10,"2024-01-25 07:11:55",0
33,10,f2:ab:73:19:59:7,-7.94329,112.61047,10,"2024-01-25 07:12:03",0
33,10,f2:ab:73:19:59:7,-7.94329,112.61047,10,"2024-01-25 07:12:12",1
33,10,f2:ab:73:19:59:7,-7.94329,112.61047,10,"2024-01-25 07:12:21",0
33,10,f2:ab:73:19:59:7,-7.94329,112.61047,10,"2024-01-25 07:12:29",0
33,10,f2:ab:73:19:59:7,-7.94329,112.61047,10,"2024-01-25 07:12:36",0
33,10,f2:ab:73:19:59:7,-7.94329,112.61047,10,"2024-01-25 07:12:44",1
33,10,f2:ab:73:19:59:7,-7.96334,112.62548,10,"2024-01-25 07:26:10",0
33,10,f2:ab:73:19:59:7,-7.96334,112.62548,10,"2024-01-25 07:26:14",1
33,10,f2:ab:73:19:59:7,-7.97223,112.62190,10,"2024-01-25 07:27:53",0
33,10,f2:ab:73:19:59:7,-7.97223,112.62190,10,"2024-01-25 07:28:00",1
33,10,f2:ab:73:19:59:7,-7.97693,112.63340,10,"2024-01-25 07:33:37",0
33,10,f2:ab:73:19:59:7,-7.97693,112.63340,10,"2024-01-25 07:33:44",0
33,10,f2:ab:73:19:59:7,-7.97693,112.63340,10,"2024-01-25 07:33:50",0
33,10,f2:ab:73:19:59:7,-7.97693,112.63340,10,"2024-01-25 07:33:55",0
33,10,f2:ab:73:19:59:7,-7.97693,112.63340,10,"2024-01-25 07:34:01",0
33,10,f2:ab:73:19:59:7,-7.97693,112.63340,10,"2024-01-25 07:34:06",0
33,10,f2:ab:73:19:59:7,-7.97693,112.63340,10,"2024-01-25 07:34:11",1
33,10,f2:ab:73:19:59:7,-7.97693,112.63340,10,"2024-01-25 07:34:16",0
33,10,f2:ab:73:19:59:7,-7.97693,112.63340,10,"2024-01-25 07:34:25",0
33,10,f2:ab:73:19:59:7,-7.97693,112.63340,10,"2024-01-25 07:34:34",0
33,10,f2:ab:73:19:59:7,-7.97693,112.63340,10,"2024-01-25 07:34:44",0
33,10,f2:ab:73:19:59:7,-7.97693,112.63340,10,"2024-01-25 07:34:52",1
33,10,fb:fd:2a:a8:e2:b,-7.96334,112.62548,10,"2024-01-25 09:15:27",1
33,10,fb:fd:2a:a8:e2:b,-7.97223,112.62190,10,"2024-01-25 09:16:58",1
33,11,fb:fd:2a:a8:e2:b,-7.97250,112.62180,10,"2024-01-25 14:36:31",1
33,11,fb:fd:2a:a8:e2:b,-7.97250,112.62180,10,"2024-01-25 14:36:47",0
33,11,fb:fd:2a:a8:e2:b,-7.97250,112.62180,10,"2024-01-25 14:37:00",1
33,11,fb:fd:2a:a8:e2:b,-7.97694,112.63335,10,"2024-01-25 14:44:27",0
33,11,fb:fd:2a:a8:e2:b,-7.97694,112.63335,10,"2024-01-25 14:44:48",1
33,11,fb:fd:2a:a8:e2:b,-7.96344,112.62536,10,"2024-01-25 14:55:20",0
33,11,fb:fd:2a:a8:e2:b,-7.96344,112.62536,10,"2024-01-25 14:55:30",1
33,11,f2:ab:73:19:59:7,-7.97694,112.63335,10,"2024-01-25 16:14:45",0
33,11,f2:ab:73:19:59:7,-7.97694,112.63335,10,"2024-01-25 16:14:55",1
33,11,f2:ab:73:19:59:7,-7.97250,112.62180,10,"2024-01-25 16:36:08",0
33,11,f2:ab:73:19:59:7,-7.97250,112.62180,10,"2024-01-25 16:36:17",1
33,11,f2:ab:73:19:59:7,-7.97250,112.62180,10,"2024-01-25 16:37:47",1
33,11,f2:ab:73:19:59:7,-7.94982,112.61556,10,"2024-01-25 16:52:56",1
33,11,f2:ab:73:19:59:7,-7.94982,112.61556,10,"2024-01-25 17:01:22",0
33,11,f2:ab:73:19:59:7,-7.94982,112.61556,10,"2024-01-25 17:01:38",1
33,11,f2:ab:73:19:59:7,-7.94982,112.61556,10,"2024-01-25 17:01:48",0
33,11,f2:ab:73:19:59:7,-7.94982,112.61556,10,"2024-01-25 17:02:06",0
33,11,f2:ab:73:19:59:7,-7.94982,112.61556,10,"2024-01-25 17:02:14",1
33,11,f2:ab:73:19:59:7,-7.94325,112.61045,10,"2024-01-25 17:07:03",0
33,11,f2:ab:73:19:59:7,-7.94325,112.61045,10,"2024-01-25 17:07:15",1
33,11,f2:ab:73:19:59:7,-7.94325,112.61045,10,"2024-01-25 17:07:24",0
33,11,f2:ab:73:19:59:7,-7.94325,112.61045,10,"2024-01-25 17:07:34",0
33,11,f2:ab:73:19:59:7,-7.94325,112.61045,10,"2024-01-25 17:07:41",0
33,11,f2:ab:73:19:59:7,-7.94325,112.61045,10,"2024-01-25 17:07:50",0
33,11,f2:ab:73:19:59:7,-7.94325,112.61045,10,"2024-01-25 17:07:58",1
33,11,f2:ab:73:19:59:7,-7.94325,112.61045,10,"2024-01-25 17:08:07",0
33,11,f2:ab:73:19:59:7,-7.94325,112.61045,10,"2024-01-25 17:08:16",0
33,11,f2:ab:73:19:59:7,-7.94325,112.61045,10,"2024-01-25 17:08:29",0
33,11,f2:ab:73:19:59:7,-7.94325,112.61045,10,"2024-01-25 17:08:37",0
33,11,f2:ab:73:19:59:7,-7.94325,112.61045,10,"2024-01-25 17:08:44",1
33,10,f2:ab:73:19:59:7,-7.93324,112.60354,10,"2024-01-26 06:52:07",1
33,10,f2:ab:73:19:59:7,-7.93324,112.60354,10,"2024-01-26 06:59:45",1
33,10,f2:ab:73:19:59:7,-7.94329,112.61047,10,"2024-01-26 07:02:43",1
33,10,f2:ab:73:19:59:7,-7.94979,112.61559,10,"2024-01-26 07:03:48",1
33,10,f2:ab:73:19:59:7,-7.94979,112.61559,10,"2024-01-26 07:11:52",1
33,10,f2:ab:73:19:59:7,-7.94329,112.61047,10,"2024-01-26 07:13:13",1
33,10,f2:ab:73:19:59:7,-7.94329,112.61047,10,"2024-01-26 07:13:21",0
33,10,f2:ab:73:19:59:7,-7.94329,112.61047,10,"2024-01-26 07:13:29",0
33,10,f2:ab:73:19:59:7,-7.94329,112.61047,10,"2024-01-26 07:13:46",0
33,10,f2:ab:73:19:59:7,-7.94329,112.61047,10,"2024-01-26 07:13:54",1
33,10,f2:ab:73:19:59:7,-7.94329,112.61047,10,"2024-01-26 07:14:14",0
33,10,f2:ab:73:19:59:7,-7.94329,112.61047,10,"2024-01-26 07:14:25",0
33,10,f2:ab:73:19:59:7,-7.94329,112.61047,10,"2024-01-26 07:14:39",1
33,10,f2:ab:73:19:59:7,-7.94329,112.61047,10,"2024-01-26 07:14:51",0
33,10,f2:ab:73:19:59:7,-7.94329,112.61047,10,"2024-01-26 07:14:59",1
33,10,f2:ab:73:19:59:7,-7.95658,112.61276,10,"2024-01-26 07:18:37",0
33,10,f2:ab:73:19:59:7,-7.95658,112.61276,10,"2024-01-26 07:18:41",0
33,10,f2:ab:73:19:59:7,-7.95658,112.61276,10,"2024-01-26 07:18:48",1
33,10,f2:ab:73:19:59:7,-7.96334,112.62548,10,"2024-01-26 07:25:40",0
33,10,f2:ab:73:19:59:7,-7.96334,112.62548,10,"2024-01-26 07:25:49",1
33,10,f2:ab:73:19:59:7,-7.96334,112.62548,10,"2024-01-26 07:25:59",1
33,10,f2:ab:73:19:59:7,-7.97223,112.62190,10,"2024-01-26 07:27:57",1
33,10,f2:ab:73:19:59:7,-7.97693,112.63340,10,"2024-01-26 07:33:42",0
33,10,f2:ab:73:19:59:7,-7.97693,112.63340,10,"2024-01-26 07:33:50",0
33,10,f2:ab:73:19:59:7,-7.97693,112.63340,10,"2024-01-26 07:33:59",1
33,10,f2:ab:73:19:59:7,-7.97693,112.63340,10,"2024-01-26 07:34:07",0
33,10,f2:ab:73:19:59:7,-7.97693,112.63340,10,"2024-01-26 07:34:16",0
33,10,f2:ab:73:19:59:7,-7.97693,112.63340,10,"2024-01-26 07:34:26",0
33,10,f2:ab:73:19:59:7,-7.97693,112.63340,10,"2024-01-26 07:34:34",0
33,10,f2:ab:73:19:59:7,-7.97693,112.63340,10,"2024-01-26 07:34:43",1
33,10,f2:ab:73:19:59:7,-7.97693,112.63340,10,"2024-01-26 07:34:53",1
33,10,fb:fd:2a:a8:e2:b,-7.97693,112.63340,10,"2024-01-26 09:46:57",0
33,10,fb:fd:2a:a8:e2:b,-7.97693,112.63340,10,"2024-01-26 09:47:08",0
33,10,fb:fd:2a:a8:e2:b,-7.97693,112.63340,10,"2024-01-26 09:47:17",0
33,10,fb:fd:2a:a8:e2:b,-7.97693,112.63340,10,"2024-01-26 09:47:28",0
33,10,fb:fd:2a:a8:e2:b,-7.97693,112.63340,10,"2024-01-26 09:47:36",1
33,10,fb:fd:2a:a8:e2:b,-7.97693,112.63340,10,"2024-01-26 09:47:44",0
33,10,fb:fd:2a:a8:e2:b,-7.97693,112.63340,10,"2024-01-26 09:47:52",0
33,10,fb:fd:2a:a8:e2:b,-7.97693,112.63340,10,"2024-01-26 09:48:12",0
33,10,fb:fd:2a:a8:e2:b,-7.97693,112.63340,10,"2024-01-26 09:48:19",1
33,10,fb:fd:2a:a8:e2:b,-7.97693,112.63340,10,"2024-01-26 09:48:29",0
33,10,fb:fd:2a:a8:e2:b,-7.97693,112.63340,10,"2024-01-26 09:48:40",0
33,10,fb:fd:2a:a8:e2:b,-7.97693,112.63340,10,"2024-01-26 09:48:52",1
33,10,fb:fd:2a:a8:e2:b,-7.97693,112.63340,10,"2024-01-26 09:50:13",1
33,10,fb:fd:2a:a8:e2:b,-7.97693,112.63340,10,"2024-01-26 09:50:27",0
33,10,fb:fd:2a:a8:e2:b,-7.97693,112.63340,10,"2024-01-26 09:50:39",1
33,10,fb:fd:2a:a8:e2:b,-7.97693,112.63340,10,"2024-01-26 09:51:23",0
33,10,fb:fd:2a:a8:e2:b,-7.97693,112.63340,10,"2024-01-26 09:51:32",0
33,10,fb:fd:2a:a8:e2:b,-7.97693,112.63340,10,"2024-01-26 09:51:41",0
33,10,fb:fd:2a:a8:e2:b,-7.97693,112.63340,10,"2024-01-26 09:51:49",1
33,10,fb:fd:2a:a8:e2:b,-7.97693,112.63340,10,"2024-01-26 09:51:59",0
33,10,fb:fd:2a:a8:e2:b,-7.97693,112.63340,10,"2024-01-26 09:52:13",0
33,10,fb:fd:2a:a8:e2:b,-7.97693,112.63340,10,"2024-01-26 09:52:20",0
33,10,fb:fd:2a:a8:e2:b,-7.97693,112.63340,10,"2024-01-26 09:52:28",0
33,10,fb:fd:2a:a8:e2:b,-7.97693,112.63340,10,"2024-01-26 09:52:35",1
33,10,fb:fd:2a:a8:e2:b,-7.97693,112.63340,10,"2024-01-26 09:52:53",0
33,10,fb:fd:2a:a8:e2:b,-7.97693,112.63340,10,"2024-01-26 09:53:03",0
33,10,fb:fd:2a:a8:e2:b,-7.97693,112.63340,10,"2024-01-26 09:53:11",1
33,10,fb:fd:2a:a8:e2:b,-7.97693,112.63340,10,"2024-01-26 09:53:20",0
33,10,fb:fd:2a:a8:e2:b,-7.97693,112.63340,10,"2024-01-26 09:53:28",1
33,11,f2:ab:73:19:59:7,-7.97250,112.62180,10,"2024-01-26 16:17:53",0
33,11,f2:ab:73:19:59:7,-7.97250,112.62180,10,"2024-01-26 16:18:03",1
33,11,f2:ab:73:19:59:7,-7.97250,112.62180,10,"2024-01-26 16:19:10",0
33,11,f2:ab:73:19:59:7,-7.97250,112.62180,10,"2024-01-26 16:19:22",1
33,11,f2:ab:73:19:59:7,-7.94982,112.61556,10,"2024-01-26 16:33:49",1
33,11,f2:ab:73:19:59:7,-7.94325,112.61045,10,"2024-01-26 16:36:45",0
33,11,f2:ab:73:19:59:7,-7.94325,112.61045,10,"2024-01-26 16:36:54",0
33,11,f2:ab:73:19:59:7,-7.94325,112.61045,10,"2024-01-26 16:37:04",1
33,10,f2:ab:73:19:59:7,-7.93324,112.60354,10,"2024-01-29 07:00:02",1
33,10,f2:ab:73:19:59:7,-7.93324,112.60354,10,"2024-01-29 07:03:07",1
33,10,f2:ab:73:19:59:7,-7.94329,112.61047,10,"2024-01-29 07:04:55",1
33,10,f2:ab:73:19:59:7,-7.94979,112.61559,10,"2024-01-29 07:06:06",1
33,10,f2:ab:73:19:59:7,-7.94979,112.61559,10,"2024-01-29 07:13:44",1
33,10,f2:ab:73:19:59:7,-7.94329,112.61047,10,"2024-01-29 07:15:04",0
33,10,f2:ab:73:19:59:7,-7.94329,112.61047,10,"2024-01-29 07:15:12",0
33,10,f2:ab:73:19:59:7,-7.94329,112.61047,10,"2024-01-29 07:15:22",1
33,10,f2:ab:73:19:59:7,-7.95658,112.61276,10,"2024-01-29 07:19:02",1
33,10,f2:ab:73:19:59:7,-7.95658,112.61276,10,"2024-01-29 07:19:08",0
33,10,f2:ab:73:19:59:7,-7.95658,112.61276,10,"2024-01-29 07:19:14",0
33,10,f2:ab:73:19:59:7,-7.95658,112.61276,10,"2024-01-29 07:19:19",1
33,10,f2:ab:73:19:59:7,-7.96334,112.62548,10,"2024-01-29 07:25:59",0
33,10,f2:ab:73:19:59:7,-7.96334,112.62548,10,"2024-01-29 07:26:08",1
33,10,f2:ab:73:19:59:7,-7.97223,112.62190,10,"2024-01-29 07:27:48",1
33,10,f2:ab:73:19:59:7,-7.97223,112.62190,10,"2024-01-29 07:27:53",0
33,10,f2:ab:73:19:59:7,-7.97223,112.62190,10,"2024-01-29 07:28:00",1
33,10,f2:ab:73:19:59:7,-7.97693,112.63340,10,"2024-01-29 07:33:51",1
33,10,f2:ab:73:19:59:7,-7.97693,112.63340,10,"2024-01-29 07:33:59",0
33,10,f2:ab:73:19:59:7,-7.97693,112.63340,10,"2024-01-29 07:34:07",0
33,10,f2:ab:73:19:59:7,-7.97693,112.63340,10,"2024-01-29 07:34:20",0
33,10,f2:ab:73:19:59:7,-7.97693,112.63340,10,"2024-01-29 07:34:29",0
33,10,f2:ab:73:19:59:7,-7.97693,112.63340,10,"2024-01-29 07:34:37",1
33,10,f2:ab:73:19:59:7,-7.97693,112.63340,10,"2024-01-29 07:34:46",0
33,10,f2:ab:73:19:59:7,-7.97693,112.63340,10,"2024-01-29 07:34:54",0
33,10,f2:ab:73:19:59:7,-7.97693,112.63340,10,"2024-01-29 07:35:04",0
33,10,f2:ab:73:19:59:7,-7.97693,112.63340,10,"2024-01-29 07:35:12",0
33,10,f2:ab:73:19:59:7,-7.97693,112.63340,10,"2024-01-29 07:35:21",1
33,10,f2:ab:73:19:59:7,-7.97693,112.63340,10,"2024-01-29 07:35:30",0
33,10,f2:ab:73:19:59:7,-7.97693,112.63340,10,"2024-01-29 07:35:42",1
33,11,f2:ab:73:19:59:7,-7.97694,112.63335,10,"2024-01-29 16:12:13",1
33,11,f2:ab:73:19:59:7,-7.97694,112.63335,10,"2024-01-29 16:13:27",1
33,11,f2:ab:73:19:59:7,-7.97694,112.63335,10,"2024-01-29 16:16:02",0
33,11,f2:ab:73:19:59:7,-7.97694,112.63335,10,"2024-01-29 16:16:18",1
33,11,f2:ab:73:19:59:7,-7.97694,112.63335,10,"2024-01-29 16:17:33",1
33,11,f2:ab:73:19:59:7,-7.97694,112.63335,10,"2024-01-29 16:18:53",1
33,11,f2:ab:73:19:59:7,-7.97694,112.63335,10,"2024-01-29 16:19:18",1
33,11,f2:ab:73:19:59:7,-7.97694,112.63335,10,"2024-01-29 16:20:16",1
33,11,f2:ab:73:19:59:7,-7.97694,112.63335,10,"2024-01-29 16:22:07",1
33,11,f2:ab:73:19:59:7,-7.97694,112.63335,10,"2024-01-29 16:22:50",1
33,11,f2:ab:73:19:59:7,-7.97694,112.63335,10,"2024-01-29 16:25:25",1
33,11,f2:ab:73:19:59:7,-7.97694,112.63335,10,"2024-01-29 16:25:51",1
33,11,f2:ab:73:19:59:7,-7.97694,112.63335,10,"2024-01-29 16:26:33",1
33,11,f2:ab:73:19:59:7,-7.97694,112.63335,10,"2024-01-29 16:27:02",0
33,11,f2:ab:73:19:59:7,-7.97694,112.63335,10,"2024-01-29 16:27:34",1
33,11,f2:ab:73:19:59:7,-7.97694,112.63335,10,"2024-01-29 16:29:00",1
33,11,f2:ab:73:19:59:7,-7.97694,112.63335,10,"2024-01-29 16:29:21",1
33,11,f2:ab:73:19:59:7,-7.97694,112.63335,10,"2024-01-29 16:31:34",1
33,11,f2:ab:73:19:59:7,-7.97250,112.62180,10,"2024-01-29 16:37:01",1
33,11,f2:ab:73:19:59:7,-7.97250,112.62180,10,"2024-01-29 16:39:07",0
33,11,f2:ab:73:19:59:7,-7.97250,112.62180,10,"2024-01-29 16:39:16",1
33,11,f2:ab:73:19:59:7,-7.94325,112.61045,10,"2024-01-29 16:56:54",0
33,11,f2:ab:73:19:59:7,-7.94325,112.61045,10,"2024-01-29 16:57:02",1
33,10,f2:ab:73:19:59:7,-7.93324,112.60354,10,"2024-01-30 06:50:42",1
33,10,f2:ab:73:19:59:7,-7.93324,112.60354,10,"2024-01-30 07:00:12",1
33,10,f2:ab:73:19:59:7,-7.94329,112.61047,10,"2024-01-30 07:02:13",1
33,10,f2:ab:73:19:59:7,-7.94979,112.61559,10,"2024-01-30 07:03:30",1
33,10,f2:ab:73:19:59:7,-7.94979,112.61559,10,"2024-01-30 07:11:30",1
33,10,f2:ab:73:19:59:7,-7.94329,112.61047,10,"2024-01-30 07:12:58",1
33,10,f2:ab:73:19:59:7,-7.94329,112.61047,10,"2024-01-30 07:13:07",0
33,10,f2:ab:73:19:59:7,-7.94329,112.61047,10,"2024-01-30 07:13:15",0
33,10,f2:ab:73:19:59:7,-7.94329,112.61047,10,"2024-01-30 07:13:24",0
33,10,f2:ab:73:19:59:7,-7.94329,112.61047,10,"2024-01-30 07:13:33",1
33,10,f2:ab:73:19:59:7,-7.94329,112.61047,10,"2024-01-30 07:13:49",0
33,10,f2:ab:73:19:59:7,-7.94329,112.61047,10,"2024-01-30 07:14:00",0
33,10,f2:ab:73:19:59:7,-7.94329,112.61047,10,"2024-01-30 07:14:08",0
33,10,f2:ab:73:19:59:7,-7.94329,112.61047,10,"2024-01-30 07:14:17",1
33,10,f2:ab:73:19:59:7,-7.94329,112.61047,10,"2024-01-30 07:14:26",1
33,10,f2:ab:73:19:59:7,-7.95658,112.61276,10,"2024-01-30 07:18:45",0
33,10,f2:ab:73:19:59:7,-7.95658,112.61276,10,"2024-01-30 07:18:50",0
33,10,f2:ab:73:19:59:7,-7.95658,112.61276,10,"2024-01-30 07:18:58",1
33,10,f2:ab:73:19:59:7,-7.96334,112.62548,10,"2024-01-30 07:24:52",1
33,10,f2:ab:73:19:59:7,-7.96334,112.62548,10,"2024-01-30 07:25:00",1
33,10,f2:ab:73:19:59:7,-7.97223,112.62190,10,"2024-01-30 07:27:13",0
33,10,f2:ab:73:19:59:7,-7.97223,112.62190,10,"2024-01-30 07:27:17",1
33,10,f2:ab:73:19:59:7,-7.97693,112.63340,10,"2024-01-30 07:32:58",1
33,10,f2:ab:73:19:59:7,-7.97693,112.63340,10,"2024-01-30 07:33:06",0
33,10,f2:ab:73:19:59:7,-7.97693,112.63340,10,"2024-01-30 07:33:14",0
33,10,f2:ab:73:19:59:7,-7.97693,112.63340,10,"2024-01-30 07:33:23",0
33,10,f2:ab:73:19:59:7,-7.97693,112.63340,10,"2024-01-30 07:33:32",0
33,10,f2:ab:73:19:59:7,-7.97693,112.63340,10,"2024-01-30 07:33:48",1
33,10,f2:ab:73:19:59:7,-7.97693,112.63340,10,"2024-01-30 07:33:57",0
33,10,f2:ab:73:19:59:7,-7.97693,112.63340,10,"2024-01-30 07:34:09",0
33,10,f2:ab:73:19:59:7,-7.97693,112.63340,10,"2024-01-30 07:34:18",1
33,11,f2:ab:73:19:59:7,-7.97694,112.63335,10,"2024-01-30 16:21:43",0
33,11,f2:ab:73:19:59:7,-7.97694,112.63335,10,"2024-01-30 16:21:52",1
33,11,f2:ab:73:19:59:7,-7.97694,112.63335,10,"2024-01-30 16:22:03",0
33,11,f2:ab:73:19:59:7,-7.97694,112.63335,10,"2024-01-30 16:22:11",1
33,11,f2:ab:73:19:59:7,-7.97694,112.63335,10,"2024-01-30 16:30:27",0
33,11,f2:ab:73:19:59:7,-7.97694,112.63335,10,"2024-01-30 16:30:37",1
33,11,f2:ab:73:19:59:7,-7.97694,112.63335,10,"2024-01-30 16:30:48",0
33,11,f2:ab:73:19:59:7,-7.97694,112.63335,10,"2024-01-30 16:30:58",1
33,11,f2:ab:73:19:59:7,-7.97694,112.63335,10,"2024-01-30 16:32:46",1
33,11,f2:ab:73:19:59:7,-7.97250,112.62180,10,"2024-01-30 16:39:43",0
33,11,f2:ab:73:19:59:7,-7.97250,112.62180,10,"2024-01-30 16:39:52",0
33,11,f2:ab:73:19:59:7,-7.97250,112.62180,10,"2024-01-30 16:40:00",1
33,11,f2:ab:73:19:59:7,-7.97250,112.62180,10,"2024-01-30 16:41:11",0
33,11,f2:ab:73:19:59:7,-7.97250,112.62180,10,"2024-01-30 16:41:24",0
33,11,f2:ab:73:19:59:7,-7.97250,112.62180,10,"2024-01-30 16:41:31",1
33,11,f2:ab:73:19:59:7,-7.94982,112.61556,10,"2024-01-30 17:12:50",1
33,11,f2:ab:73:19:59:7,-7.94982,112.61556,10,"2024-01-30 17:13:00",1
33,11,f2:ab:73:19:59:7,-7.94325,112.61045,10,"2024-01-30 17:15:55",0
33,11,f2:ab:73:19:59:7,-7.94325,112.61045,10,"2024-01-30 17:16:03",0
33,11,f2:ab:73:19:59:7,-7.94325,112.61045,10,"2024-01-30 17:16:11",1
33,11,f2:ab:73:19:59:7,-7.94325,112.61045,10,"2024-01-30 17:16:19",0
33,11,f2:ab:73:19:59:7,-7.94325,112.61045,10,"2024-01-30 17:16:27",0
33,11,f2:ab:73:19:59:7,-7.94325,112.61045,10,"2024-01-30 17:16:36",0
33,11,f2:ab:73:19:59:7,-7.94325,112.61045,10,"2024-01-30 17:16:44",1
33,11,f2:ab:73:19:59:7,-7.94325,112.61045,10,"2024-01-30 17:16:52",0
33,11,f2:ab:73:19:59:7,-7.94325,112.61045,10,"2024-01-30 17:17:00",0
33,11,f2:ab:73:19:59:7,-7.94325,112.61045,10,"2024-01-30 17:17:10",0
33,11,f2:ab:73:19:59:7,-7.94325,112.61045,10,"2024-01-30 17:17:19",0
33,11,f2:ab:73:19:59:7,-7.94325,112.61045,10,"2024-01-30 17:17:27",1
33,11,f2:ab:73:19:59:7,-7.94325,112.61045,10,"2024-01-30 17:17:36",0
33,11,f2:ab:73:19:59:7,-7.94325,112.61045,10,"2024-01-30 17:17:44",1
33,10,f2:ab:73:19:59:7,-7.93324,112.60354,10,"2024-01-31 06:52:28",1
33,10,f2:ab:73:19:59:7,-7.93324,112.60354,10,"2024-01-31 06:58:47",1
33,10,f2:ab:73:19:59:7,-7.94329,112.61047,10,"2024-01-31 07:00:38",1
33,10,f2:ab:73:19:59:7,-7.94979,112.61559,10,"2024-01-31 07:01:45",1
33,10,f2:ab:73:19:59:7,-7.94979,112.61559,10,"2024-01-31 07:09:51",1
33,10,f2:ab:73:19:59:7,-7.94329,112.61047,10,"2024-01-31 07:11:01",0
33,10,f2:ab:73:19:59:7,-7.94329,112.61047,10,"2024-01-31 07:11:09",0
33,10,f2:ab:73:19:59:7,-7.94329,112.61047,10,"2024-01-31 07:11:17",0
33,10,f2:ab:73:19:59:7,-7.94329,112.61047,10,"2024-01-31 07:11:25",1
33,10,f2:ab:73:19:59:7,-7.94329,112.61047,10,"2024-01-31 07:11:36",0
33,10,f2:ab:73:19:59:7,-7.94329,112.61047,10,"2024-01-31 07:11:45",0
33,10,f2:ab:73:19:59:7,-7.94329,112.61047,10,"2024-01-31 07:11:54",0
33,10,f2:ab:73:19:59:7,-7.94329,112.61047,10,"2024-01-31 07:12:02",1
33,10,f2:ab:73:19:59:7,-7.94329,112.61047,10,"2024-01-31 07:12:11",1
33,10,f2:ab:73:19:59:7,-7.95658,112.61276,10,"2024-01-31 07:16:15",1
33,10,f2:ab:73:19:59:7,-7.96334,112.62548,10,"2024-01-31 07:23:27",0
33,10,f2:ab:73:19:59:7,-7.96334,112.62548,10,"2024-01-31 07:23:35",1
33,10,f2:ab:73:19:59:7,-7.97223,112.62190,10,"2024-01-31 07:26:02",1
33,10,f2:ab:73:19:59:7,-7.97693,112.63340,10,"2024-01-31 07:31:47",0
33,10,f2:ab:73:19:59:7,-7.97693,112.63340,10,"2024-01-31 07:31:56",1
33,10,f2:ab:73:19:59:7,-7.97693,112.63340,10,"2024-01-31 07:32:10",0
33,10,f2:ab:73:19:59:7,-7.97693,112.63340,10,"2024-01-31 07:32:19",0
33,10,f2:ab:73:19:59:7,-7.97693,112.63340,10,"2024-01-31 07:32:29",0
33,10,f2:ab:73:19:59:7,-7.97693,112.63340,10,"2024-01-31 07:32:37",1
33,10,f2:ab:73:19:59:7,-7.97693,112.63340,10,"2024-01-31 07:32:53",0
33,10,f2:ab:73:19:59:7,-7.97693,112.63340,10,"2024-01-31 07:33:02",1
33,11,f2:ab:73:19:59:7,-7.97694,112.63335,10,"2024-01-31 16:17:43",1
33,11,f2:ab:73:19:59:7,-7.97250,112.62180,10,"2024-01-31 16:39:22",0
33,11,f2:ab:73:19:59:7,-7.97250,112.62180,10,"2024-01-31 16:39:30",1
33,11,f2:ab:73:19:59:7,-7.97250,112.62180,10,"2024-01-31 16:41:01",0
33,11,f2:ab:73:19:59:7,-7.97250,112.62180,10,"2024-01-31 16:41:11",1
33,11,f2:ab:73:19:59:7,-7.94982,112.61556,10,"2024-01-31 16:55:32",1
33,11,f2:ab:73:19:59:7,-7.94325,112.61045,10,"2024-01-31 16:58:41",1
33,11,f2:ab:73:19:59:7,-7.94325,112.61045,10,"2024-01-31 16:58:49",0
33,11,f2:ab:73:19:59:7,-7.94325,112.61045,10,"2024-01-31 16:58:58",1
