route_id,start_time,end_time,start_hour,end_hour,start_stop,end_stop,start_stop_id,end_stop_id,start_lat,start_lon,end_lat,end_lon,duration,distance
10,2024-02-01 06:54:08,2024-02-01 07:00:07,6,7,SPBU Tlogomas,SD Dinoyo 2,BT01,BT02,-7.93324,112.60354,-7.94329,112.61047,5.983333333333333,1.3487946268033537
10,2024-02-01 07:00:07,2024-02-01 07:09:44,7,7,SD Dinoyo 2,SMA 9,BT02,BT03,-7.94329,112.61047,-7.94979,112.61559,9.616666666666667,0.9140332362197978
10,2024-02-01 07:09:44,2024-02-01 07:11:05,7,7,SMA 9,SD Dinoyo 2,BT03,BT02,-7.94979,112.61559,-7.94329,112.61047,1.35,0.9140332362197978
10,2024-02-01 07:11:05,2024-02-01 07:15:01,7,7,SD Dinoyo 2,SMA 8,BT02,BT04,-7.94329,112.61047,-7.95658,112.61276,3.933333333333333,1.4913432233154422
10,2024-02-01 07:15:01,2024-02-01 07:21:56,7,7,SMA 8,MAN 2,BT04,BT05,-7.95658,112.61276,-7.96334,112.62548,6.916666666666667,1.5892632315739608
10,2024-02-01 07:21:56,2024-02-01 07:23:46,7,7,MAN 2,SMA Dempo,BT05,BT06,-7.96334,112.62548,-7.9725,112.6218,1.8333333333333333,1.091282026742783
10,2024-02-01 07:23:46,2024-02-01 07:29:43,7,7,SMA Dempo,SMP 4,BT06,BT07,-7.9725,112.6218,-7.97693,112.6334,5.95,1.369535376459733
10,2024-02-02 06:53:53,2024-02-02 06:58:38,6,6,SPBU Tlogomas,SD Dinoyo 2,BT01,BT02,-7.93324,112.60354,-7.94329,112.61047,4.75,1.3487946268033537
10,2024-02-02 07:09:42,2024-02-02 07:15:33,7,7,SD Dinoyo 2,SMA 8,BT02,BT04,-7.94329,112.61047,-7.95658,112.61276,5.85,1.4913432233154422
10,2024-02-02 07:15:33,2024-02-02 07:22:48,7,7,SMA 8,MAN 2,BT04,BT05,-7.95658,112.61276,-7.96334,112.62548,7.25,1.5892632315739608
10,2024-02-02 07:22:48,2024-02-02 07:24:34,7,7,MAN 2,SMA Dempo,BT05,BT06,-7.96334,112.62548,-7.9725,112.6218,1.7666666666666666,1.091282026742783
10,2024-02-02 07:24:34,2024-02-02 07:30:22,7,7,SMA Dempo,SMP 4,BT06,BT07,-7.9725,112.6218,-7.97693,112.6334,5.8,1.369535376459733
10,2024-02-05 06:46:42,2024-02-05 06:50:27,6,6,SMA 8,SD Dinoyo 2,BT04,BT02,-7.95658,112.61276,-7.94329,112.61047,3.75,1.4913432233154422
10,2024-02-05 06:50:27,2024-02-05 06:52:30,6,6,SD Dinoyo 2,SPBU Tlogomas,BT02,BT01,-7.94329,112.61047,-7.93324,112.60354,2.05,1.3487946268033537
10,2024-02-05 07:00:01,2024-02-05 07:01:47,7,7,SPBU Tlogomas,SD Dinoyo 2,BT01,BT02,-7.93324,112.60354,-7.94329,112.61047,1.7666666666666666,1.3487946268033537
10,2024-02-05 07:12:42,2024-02-05 07:17:22,7,7,SD Dinoyo 2,SMA 8,BT02,BT04,-7.94329,112.61047,-7.95658,112.61276,4.666666666666667,1.4913432233154422
10,2024-02-05 07:17:22,2024-02-05 07:24:29,7,7,SMA 8,MAN 2,BT04,BT05,-7.95658,112.61276,-7.96334,112.62548,7.116666666666666,1.5892632315739608
10,2024-02-05 07:24:29,2024-02-05 07:26:16,7,7,MAN 2,SMA Dempo,BT05,BT06,-7.96334,112.62548,-7.9725,112.6218,1.7833333333333334,1.091282026742783
10,2024-02-05 07:26:16,2024-02-05 07:32:00,7,7,SMA Dempo,SMP 4,BT06,BT07,-7.9725,112.6218,-7.97693,112.6334,5.733333333333333,1.369535376459733
10,2024-02-06 06:55:06,2024-02-06 07:00:06,6,7,SPBU Tlogomas,SD Dinoyo 2,BT01,BT02,-7.93324,112.60354,-7.94329,112.61047,5.0,1.3487946268033537
10,2024-02-06 07:10:52,2024-02-06 07:15:16,7,7,SD Dinoyo 2,SMA 8,BT02,BT04,-7.94329,112.61047,-7.95658,112.61276,4.4,1.4913432233154422
10,2024-02-06 07:15:16,2024-02-06 07:23:47,7,7,SMA 8,MAN 2,BT04,BT05,-7.95658,112.61276,-7.96334,112.62548,8.516666666666667,1.5892632315739608
10,2024-02-06 07:23:47,2024-02-06 07:25:41,7,7,MAN 2,SMA Dempo,BT05,BT06,-7.96334,112.62548,-7.9725,112.6218,1.9,1.091282026742783
10,2024-02-06 07:25:41,2024-02-06 07:30:56,7,7,SMA Dempo,SMP 4,BT06,BT07,-7.9725,112.6218,-7.97693,112.6334,5.25,1.369535376459733
10,2024-02-07 06:55:48,2024-02-07 07:00:24,6,7,SPBU Tlogomas,SD Dinoyo 2,BT01,BT02,-7.93324,112.60354,-7.94329,112.61047,4.6,1.3487946268033537
10,2024-02-07 07:11:22,2024-02-07 07:14:56,7,7,SD Dinoyo 2,SMA 8,BT02,BT04,-7.94329,112.61047,-7.95658,112.61276,3.566666666666667,1.4913432233154422
10,2024-02-07 07:14:56,2024-02-07 07:27:59,7,7,SMA 8,MAN 2,BT04,BT05,-7.95658,112.61276,-7.96334,112.62548,13.05,1.5892632315739608
10,2024-02-07 07:27:59,2024-02-07 07:30:12,7,7,MAN 2,SMA Dempo,BT05,BT06,-7.96334,112.62548,-7.9725,112.6218,2.216666666666667,1.091282026742783
10,2024-02-07 07:30:12,2024-02-07 07:36:49,7,7,SMA Dempo,SMP 4,BT06,BT07,-7.9725,112.6218,-7.97693,112.6334,6.616666666666666,1.369535376459733
10,2024-02-12 06:51:59,2024-02-12 06:55:27,6,6,SMA 8,SD Dinoyo 2,BT04,BT02,-7.95658,112.61276,-7.94329,112.61047,3.466666666666667,1.4913432233154422
10,2024-02-12 06:55:27,2024-02-12 06:57:29,6,6,SD Dinoyo 2,SPBU Tlogomas,BT02,BT01,-7.94329,112.61047,-7.93324,112.60354,2.033333333333333,1.3487946268033537
10,2024-02-12 06:57:29,2024-02-12 07:01:33,6,7,SPBU Tlogomas,SD Dinoyo 2,BT01,BT02,-7.93324,112.60354,-7.94329,112.61047,4.066666666666666,1.3487946268033537
10,2024-02-12 07:01:33,2024-02-12 07:02:37,7,7,SD Dinoyo 2,SMA 9,BT02,BT03,-7.94329,112.61047,-7.94979,112.61559,1.0666666666666667,0.9140332362197978
10,2024-02-12 07:10:03,2024-02-12 07:11:28,7,7,SMA 9,SD Dinoyo 2,BT03,BT02,-7.94979,112.61559,-7.94329,112.61047,1.4166666666666667,0.9140332362197978
10,2024-02-12 07:11:28,2024-02-12 07:16:39,7,7,SD Dinoyo 2,SMA 8,BT02,BT04,-7.94329,112.61047,-7.95658,112.61276,5.183333333333334,1.4913432233154422
10,2024-02-12 07:16:39,2024-02-12 07:22:54,7,7,SMA 8,MAN 2,BT04,BT05,-7.95658,112.61276,-7.96334,112.62548,6.25,1.5892632315739608
10,2024-02-12 07:22:54,2024-02-12 07:24:36,7,7,MAN 2,SMA Dempo,BT05,BT06,-7.96334,112.62548,-7.9725,112.6218,1.7,1.091282026742783
10,2024-02-12 07:24:36,2024-02-12 07:30:11,7,7,SMA Dempo,SMP 4,BT06,BT07,-7.9725,112.6218,-7.97693,112.6334,5.583333333333333,1.369535376459733
10,2024-02-13 06:56:55,2024-02-13 07:02:45,6,7,SPBU Tlogomas,SD Dinoyo 2,BT01,BT02,-7.93324,112.60354,-7.94329,112.61047,5.833333333333333,1.3487946268033537
10,2024-02-13 07:02:45,2024-02-13 07:03:59,7,7,SD Dinoyo 2,SMA 9,BT02,BT03,-7.94329,112.61047,-7.94979,112.61559,1.2333333333333334,0.9140332362197978
10,2024-02-13 07:11:33,2024-02-13 07:12:58,7,7,SMA 9,SD Dinoyo 2,BT03,BT02,-7.94979,112.61559,-7.94329,112.61047,1.4166666666666667,0.9140332362197978
10,2024-02-13 07:12:58,2024-02-13 07:16:38,7,7,SD Dinoyo 2,SMA 8,BT02,BT04,-7.94329,112.61047,-7.95658,112.61276,3.6666666666666665,1.4913432233154422
10,2024-02-13 07:16:38,2024-02-13 07:23:47,7,7,SMA 8,MAN 2,BT04,BT05,-7.95658,112.61276,-7.96334,112.62548,7.15,1.5892632315739608
10,2024-02-13 07:23:47,2024-02-13 07:31:12,7,7,MAN 2,SMP 4,BT05,BT07,-7.96334,112.62548,-7.97693,112.6334,7.416666666666667,1.7382329657418492
10,2024-02-15 07:00:50,2024-02-15 07:03:38,7,7,SPBU Tlogomas,SD Dinoyo 2,BT01,BT02,-7.93324,112.60354,-7.94329,112.61047,2.8,1.3487946268033537
10,2024-02-15 07:03:38,2024-02-15 07:04:26,7,7,SD Dinoyo 2,SMA 9,BT02,BT03,-7.94329,112.61047,-7.94979,112.61559,0.8,0.9140332362197978
10,2024-02-15 07:11:20,2024-02-15 07:13:28,7,7,SMA 9,SD Dinoyo 2,BT03,BT02,-7.94979,112.61559,-7.94329,112.61047,2.1333333333333333,0.9140332362197978
10,2024-02-15 07:13:28,2024-02-15 07:18:32,7,7,SD Dinoyo 2,SMA 8,BT02,BT04,-7.94329,112.61047,-7.95658,112.61276,5.066666666666666,1.4913432233154422
10,2024-02-15 07:18:32,2024-02-15 07:27:33,7,7,SMA 8,MAN 2,BT04,BT05,-7.95658,112.61276,-7.96334,112.62548,9.016666666666667,1.5892632315739608
10,2024-02-15 07:27:33,2024-02-15 07:29:57,7,7,MAN 2,SMA Dempo,BT05,BT06,-7.96334,112.62548,-7.9725,112.6218,2.4,1.091282026742783
10,2024-02-15 07:29:57,2024-02-15 07:35:55,7,7,SMA Dempo,SMP 4,BT06,BT07,-7.9725,112.6218,-7.97693,112.6334,5.966666666666667,1.369535376459733
10,2024-02-16 07:00:07,2024-02-16 07:04:59,7,7,SPBU Tlogomas,SD Dinoyo 2,BT01,BT02,-7.93324,112.60354,-7.94329,112.61047,4.866666666666666,1.3487946268033537
10,2024-02-16 07:04:59,2024-02-16 07:05:45,7,7,SD Dinoyo 2,SMA 9,BT02,BT03,-7.94329,112.61047,-7.94979,112.61559,0.7666666666666667,0.9140332362197978
10,2024-02-16 07:14:42,2024-02-16 07:16:36,7,7,SMA 9,SD Dinoyo 2,BT03,BT02,-7.94979,112.61559,-7.94329,112.61047,1.9,0.9140332362197978
10,2024-02-16 07:16:36,2024-02-16 07:20:36,7,7,SD Dinoyo 2,SMA 8,BT02,BT04,-7.94329,112.61047,-7.95658,112.61276,4.0,1.4913432233154422
10,2024-02-16 07:20:36,2024-02-16 07:26:56,7,7,SMA 8,MAN 2,BT04,BT05,-7.95658,112.61276,-7.96334,112.62548,6.333333333333333,1.5892632315739608
10,2024-02-16 07:26:56,2024-02-16 07:29:00,7,7,MAN 2,SMA Dempo,BT05,BT06,-7.96334,112.62548,-7.9725,112.6218,2.066666666666667,1.091282026742783
10,2024-02-16 07:29:00,2024-02-16 07:34:35,7,7,SMA Dempo,SMP 4,BT06,BT07,-7.9725,112.6218,-7.97693,112.6334,5.583333333333333,1.369535376459733
10,2024-02-19 06:39:33,2024-02-19 06:47:37,6,6,SMA 8,SD Dinoyo 2,BT04,BT02,-7.95658,112.61276,-7.94329,112.61047,8.066666666666666,1.4913432233154422
10,2024-02-19 06:47:37,2024-02-19 06:49:18,6,6,SD Dinoyo 2,SPBU Tlogomas,BT02,BT01,-7.94329,112.61047,-7.93324,112.60354,1.6833333333333333,1.3487946268033537
10,2024-02-19 06:59:11,2024-02-19 07:01:27,6,7,SPBU Tlogomas,SD Dinoyo 2,BT01,BT02,-7.93324,112.60354,-7.94329,112.61047,2.2666666666666666,1.3487946268033537
10,2024-02-19 07:01:27,2024-02-19 07:02:58,7,7,SD Dinoyo 2,SMA 9,BT02,BT03,-7.94329,112.61047,-7.94979,112.61559,1.5166666666666666,0.9140332362197978
10,2024-02-19 07:11:14,2024-02-19 07:12:59,7,7,SMA 9,SD Dinoyo 2,BT03,BT02,-7.94979,112.61559,-7.94329,112.61047,1.75,0.9140332362197978
10,2024-02-19 07:12:59,2024-02-19 07:17:45,7,7,SD Dinoyo 2,SMA 8,BT02,BT04,-7.94329,112.61047,-7.95658,112.61276,4.766666666666667,1.4913432233154422
10,2024-02-19 07:17:45,2024-02-19 07:23:42,7,7,SMA 8,MAN 2,BT04,BT05,-7.95658,112.61276,-7.96334,112.62548,5.95,1.5892632315739608
10,2024-02-19 07:23:42,2024-02-19 07:31:05,7,7,MAN 2,SMP 4,BT05,BT07,-7.96334,112.62548,-7.97693,112.6334,7.383333333333334,1.7382329657418492
10,2024-02-20 06:57:25,2024-02-20 06:59:24,6,6,SPBU Tlogomas,SD Dinoyo 2,BT01,BT02,-7.93324,112.60354,-7.94329,112.61047,1.9833333333333334,1.3487946268033537
10,2024-02-20 06:59:24,2024-02-20 07:00:47,6,7,SD Dinoyo 2,SMA 9,BT02,BT03,-7.94329,112.61047,-7.94979,112.61559,1.3833333333333333,0.9140332362197978
10,2024-02-20 07:09:15,2024-02-20 07:10:45,7,7,SMA 9,SD Dinoyo 2,BT03,BT02,-7.94979,112.61559,-7.94329,112.61047,1.5,0.9140332362197978
10,2024-02-20 07:10:45,2024-02-20 07:15:37,7,7,SD Dinoyo 2,SMA 8,BT02,BT04,-7.94329,112.61047,-7.95658,112.61276,4.866666666666666,1.4913432233154422
10,2024-02-20 07:15:37,2024-02-20 07:23:31,7,7,SMA 8,MAN 2,BT04,BT05,-7.95658,112.61276,-7.96334,112.62548,7.9,1.5892632315739608
10,2024-02-20 07:23:31,2024-02-20 07:25:02,7,7,MAN 2,SMA Dempo,BT05,BT06,-7.96334,112.62548,-7.9725,112.6218,1.5166666666666666,1.091282026742783
10,2024-02-20 07:25:02,2024-02-20 07:31:24,7,7,SMA Dempo,SMP 4,BT06,BT07,-7.9725,112.6218,-7.97693,112.6334,6.366666666666666,1.369535376459733
10,2024-02-21 06:58:43,2024-02-21 07:00:59,6,7,SPBU Tlogomas,SD Dinoyo 2,BT01,BT02,-7.93324,112.60354,-7.94329,112.61047,2.2666666666666666,1.3487946268033537
10,2024-02-21 07:00:59,2024-02-21 07:02:11,7,7,SD Dinoyo 2,SMA 9,BT02,BT03,-7.94329,112.61047,-7.94979,112.61559,1.2,0.9140332362197978
10,2024-02-21 07:10:49,2024-02-21 07:12:10,7,7,SMA 9,SD Dinoyo 2,BT03,BT02,-7.94979,112.61559,-7.94329,112.61047,1.35,0.9140332362197978
10,2024-02-21 07:12:10,2024-02-21 07:16:17,7,7,SD Dinoyo 2,SMA 8,BT02,BT04,-7.94329,112.61047,-7.95658,112.61276,4.116666666666666,1.4913432233154422
10,2024-02-21 07:16:17,2024-02-21 07:24:40,7,7,SMA 8,MAN 2,BT04,BT05,-7.95658,112.61276,-7.96334,112.62548,8.383333333333333,1.5892632315739608
10,2024-02-21 07:24:40,2024-02-21 07:32:00,7,7,MAN 2,SMP 4,BT05,BT07,-7.96334,112.62548,-7.97693,112.6334,7.333333333333333,1.7382329657418492
10,2024-02-22 06:57:47,2024-02-22 06:59:40,6,6,SPBU Tlogomas,SD Dinoyo 2,BT01,BT02,-7.93324,112.60354,-7.94329,112.61047,1.8833333333333333,1.3487946268033537
10,2024-02-22 06:59:40,2024-02-22 07:00:54,6,7,SD Dinoyo 2,SMA 9,BT02,BT03,-7.94329,112.61047,-7.94979,112.61559,1.2333333333333334,0.9140332362197978
10,2024-02-22 07:09:28,2024-02-22 07:10:46,7,7,SMA 9,SD Dinoyo 2,BT03,BT02,-7.94979,112.61559,-7.94329,112.61047,1.3,0.9140332362197978
10,2024-02-22 07:10:46,2024-02-22 07:15:31,7,7,SD Dinoyo 2,SMA 8,BT02,BT04,-7.94329,112.61047,-7.95658,112.61276,4.75,1.4913432233154422
10,2024-02-23 06:53:35,2024-02-23 07:01:51,6,7,SPBU Tlogomas,SD Dinoyo 2,BT01,BT02,-7.93324,112.60354,-7.94329,112.61047,8.266666666666667,1.3487946268033537
10,2024-02-23 07:01:51,2024-02-23 07:03:09,7,7,SD Dinoyo 2,SMA 9,BT02,BT03,-7.94329,112.61047,-7.94979,112.61559,1.3,0.9140332362197978
10,2024-02-23 07:11:15,2024-02-23 07:12:43,7,7,SMA 9,SD Dinoyo 2,BT03,BT02,-7.94979,112.61559,-7.94329,112.61047,1.4666666666666666,0.9140332362197978
10,2024-02-23 07:12:43,2024-02-23 07:17:54,7,7,SD Dinoyo 2,SMA 8,BT02,BT04,-7.94329,112.61047,-7.95658,112.61276,5.183333333333334,1.4913432233154422
10,2024-02-23 07:17:54,2024-02-23 07:23:20,7,7,SMA 8,MAN 2,BT04,BT05,-7.95658,112.61276,-7.96334,112.62548,5.433333333333334,1.5892632315739608
10,2024-02-23 07:23:20,2024-02-23 07:25:01,7,7,MAN 2,SMA Dempo,BT05,BT06,-7.96334,112.62548,-7.9725,112.6218,1.6833333333333333,1.091282026742783
10,2024-02-23 07:25:01,2024-02-23 07:30:14,7,7,SMA Dempo,SMP 4,BT06,BT07,-7.9725,112.6218,-7.97693,112.6334,5.216666666666667,1.369535376459733
10,2024-02-26 06:51:38,2024-02-26 06:54:42,6,6,SMA 8,SD Dinoyo 2,BT04,BT02,-7.95658,112.61276,-7.94329,112.61047,3.066666666666667,1.4913432233154422
10,2024-02-26 06:54:42,2024-02-26 06:59:24,6,6,SD Dinoyo 2,SPBU Tlogomas,BT02,BT01,-7.94329,112.61047,-7.93324,112.60354,4.7,1.3487946268033537
10,2024-02-26 06:59:24,2024-02-26 07:01:33,6,7,SPBU Tlogomas,SD Dinoyo 2,BT01,BT02,-7.93324,112.60354,-7.94329,112.61047,2.15,1.3487946268033537
10,2024-02-26 07:01:33,2024-02-26 07:03:01,7,7,SD Dinoyo 2,SMA 9,BT02,BT03,-7.94329,112.61047,-7.94979,112.61559,1.4666666666666666,0.9140332362197978
10,2024-02-26 07:11:16,2024-02-26 07:12:55,7,7,SMA 9,SD Dinoyo 2,BT03,BT02,-7.94979,112.61559,-7.94329,112.61047,1.65,0.9140332362197978
10,2024-02-26 07:12:55,2024-02-26 07:19:28,7,7,SD Dinoyo 2,SMA 8,BT02,BT04,-7.94329,112.61047,-7.95658,112.61276,6.55,1.4913432233154422
10,2024-02-26 07:19:28,2024-02-26 07:26:04,7,7,SMA 8,MAN 2,BT04,BT05,-7.95658,112.61276,-7.96334,112.62548,6.6,1.5892632315739608
10,2024-02-26 07:26:04,2024-02-26 07:28:16,7,7,MAN 2,SMA Dempo,BT05,BT06,-7.96334,112.62548,-7.9725,112.6218,2.2,1.091282026742783
10,2024-02-26 07:28:16,2024-02-26 07:33:45,7,7,SMA Dempo,SMP 4,BT06,BT07,-7.9725,112.6218,-7.97693,112.6334,5.483333333333333,1.369535376459733
10,2024-02-27 06:57:42,2024-02-27 06:59:31,6,6,SPBU Tlogomas,SD Dinoyo 2,BT01,BT02,-7.93324,112.60354,-7.94329,112.61047,1.8166666666666667,1.3487946268033537
10,2024-02-27 06:59:31,2024-02-27 07:00:47,6,7,SD Dinoyo 2,SMA 9,BT02,BT03,-7.94329,112.61047,-7.94979,112.61559,1.2666666666666666,0.9140332362197978
10,2024-02-27 07:08:00,2024-02-27 07:09:24,7,7,SMA 9,SD Dinoyo 2,BT03,BT02,-7.94979,112.61559,-7.94329,112.61047,1.4,0.9140332362197978
10,2024-02-27 07:09:24,2024-02-27 07:15:28,7,7,SD Dinoyo 2,SMA 8,BT02,BT04,-7.94329,112.61047,-7.95658,112.61276,6.066666666666666,1.4913432233154422
10,2024-02-27 07:15:28,2024-02-27 07:21:05,7,7,SMA 8,MAN 2,BT04,BT05,-7.95658,112.61276,-7.96334,112.62548,5.616666666666666,1.5892632315739608
10,2024-02-27 07:21:05,2024-02-27 07:23:04,7,7,MAN 2,SMA Dempo,BT05,BT06,-7.96334,112.62548,-7.9725,112.6218,1.9833333333333334,1.091282026742783
10,2024-02-27 07:23:04,2024-02-27 07:29:14,7,7,SMA Dempo,SMP 4,BT06,BT07,-7.9725,112.6218,-7.97693,112.6334,6.166666666666667,1.369535376459733
10,2024-02-28 06:58:57,2024-02-28 07:00:50,6,7,SPBU Tlogomas,SD Dinoyo 2,BT01,BT02,-7.93324,112.60354,-7.94329,112.61047,1.8833333333333333,1.3487946268033537
10,2024-02-28 07:00:50,2024-02-28 07:10:47,7,7,SD Dinoyo 2,SMA 9,BT02,BT03,-7.94329,112.61047,-7.94979,112.61559,9.95,0.9140332362197978
10,2024-02-28 07:10:47,2024-02-28 07:12:18,7,7,SMA 9,SD Dinoyo 2,BT03,BT02,-7.94979,112.61559,-7.94329,112.61047,1.5166666666666666,0.9140332362197978
10,2024-02-28 07:12:18,2024-02-28 07:17:12,7,7,SD Dinoyo 2,SMA 8,BT02,BT04,-7.94329,112.61047,-7.95658,112.61276,4.9,1.4913432233154422
10,2024-02-28 07:17:12,2024-02-28 07:23:34,7,7,SMA 8,MAN 2,BT04,BT05,-7.95658,112.61276,-7.96334,112.62548,6.366666666666666,1.5892632315739608
10,2024-02-28 07:23:34,2024-02-28 07:25:19,7,7,MAN 2,SMA Dempo,BT05,BT06,-7.96334,112.62548,-7.9725,112.6218,1.75,1.091282026742783
10,2024-02-28 07:25:19,2024-02-28 07:31:25,7,7,SMA Dempo,SMP 4,BT06,BT07,-7.9725,112.6218,-7.97693,112.6334,6.1,1.369535376459733
10,2024-02-29 06:54:37,2024-02-29 07:00:29,6,7,SPBU Tlogomas,SD Dinoyo 2,BT01,BT02,-7.93324,112.60354,-7.94329,112.61047,5.866666666666666,1.3487946268033537
10,2024-02-29 07:00:29,2024-02-29 07:01:46,7,7,SD Dinoyo 2,SMA 9,BT02,BT03,-7.94329,112.61047,-7.94979,112.61559,1.2833333333333334,0.9140332362197978
10,2024-02-29 07:10:45,2024-02-29 07:12:31,7,7,SMA 9,SD Dinoyo 2,BT03,BT02,-7.94979,112.61559,-7.94329,112.61047,1.7666666666666666,0.9140332362197978
10,2024-02-29 07:12:31,2024-02-29 07:17:14,7,7,SD Dinoyo 2,SMA 8,BT02,BT04,-7.94329,112.61047,-7.95658,112.61276,4.716666666666667,1.4913432233154422
10,2024-02-29 07:17:14,2024-02-29 07:23:34,7,7,SMA 8,MAN 2,BT04,BT05,-7.95658,112.61276,-7.96334,112.62548,6.333333333333333,1.5892632315739608
10,2024-02-29 07:23:34,2024-02-29 07:26:04,7,7,MAN 2,SMA Dempo,BT05,BT06,-7.96334,112.62548,-7.9725,112.6218,2.5,1.091282026742783
10,2024-02-29 07:26:04,2024-02-29 07:32:39,7,7,SMA Dempo,SMP 4,BT06,BT07,-7.9725,112.6218,-7.97693,112.6334,6.583333333333333,1.369535376459733
10,2024-03-01 06:56:20,2024-03-01 07:00:48,6,7,SPBU Tlogomas,SD Dinoyo 2,BT01,BT02,-7.93324,112.60354,-7.94329,112.61047,4.466666666666667,1.3487946268033537
10,2024-03-01 07:00:48,2024-03-01 07:02:04,7,7,SD Dinoyo 2,SMA 9,BT02,BT03,-7.94329,112.61047,-7.94979,112.61559,1.2666666666666666,0.9140332362197978
10,2024-03-01 07:09:43,2024-03-01 07:11:23,7,7,SMA 9,SD Dinoyo 2,BT03,BT02,-7.94979,112.61559,-7.94329,112.61047,1.6666666666666667,0.9140332362197978
10,2024-03-01 07:11:23,2024-03-01 07:16:13,7,7,SD Dinoyo 2,SMA 8,BT02,BT04,-7.94329,112.61047,-7.95658,112.61276,4.833333333333333,1.4913432233154422
10,2024-03-01 07:16:13,2024-03-01 07:22:39,7,7,SMA 8,MAN 2,BT04,BT05,-7.95658,112.61276,-7.96334,112.62548,6.433333333333334,1.5892632315739608
10,2024-03-01 07:22:39,2024-03-01 07:29:53,7,7,MAN 2,SMP 4,BT05,BT07,-7.96334,112.62548,-7.97693,112.6334,7.233333333333333,1.7382329657418492
10,2024-03-04 06:44:08,2024-03-04 06:47:33,6,6,SMA 8,SD Dinoyo 2,BT04,BT02,-7.95658,112.61276,-7.94329,112.61047,3.4166666666666665,1.4913432233154422
10,2024-03-04 06:47:33,2024-03-04 06:50:08,6,6,SD Dinoyo 2,SPBU Tlogomas,BT02,BT01,-7.94329,112.61047,-7.93324,112.60354,2.5833333333333335,1.3487946268033537
10,2024-03-04 06:58:37,2024-03-04 07:01:41,6,7,SPBU Tlogomas,SD Dinoyo 2,BT01,BT02,-7.93324,112.60354,-7.94329,112.61047,3.066666666666667,1.3487946268033537
10,2024-03-04 07:01:41,2024-03-04 07:03:28,7,7,SD Dinoyo 2,SMA 9,BT02,BT03,-7.94329,112.61047,-7.94979,112.61559,1.7833333333333334,0.9140332362197978
10,2024-03-04 07:12:40,2024-03-04 07:14:23,7,7,SMA 9,SD Dinoyo 2,BT03,BT02,-7.94979,112.61559,-7.94329,112.61047,1.7166666666666666,0.9140332362197978
10,2024-03-04 07:14:23,2024-03-04 07:19:00,7,7,SD Dinoyo 2,SMA 8,BT02,BT04,-7.94329,112.61047,-7.95658,112.61276,4.616666666666666,1.4913432233154422
10,2024-03-04 07:19:00,2024-03-04 07:25:49,7,7,SMA 8,MAN 2,BT04,BT05,-7.95658,112.61276,-7.96334,112.62548,6.816666666666666,1.5892632315739608
10,2024-03-04 07:25:49,2024-03-04 07:27:57,7,7,MAN 2,SMA Dempo,BT05,BT06,-7.96334,112.62548,-7.9725,112.6218,2.1333333333333333,1.091282026742783
10,2024-03-04 07:27:57,2024-03-04 07:33:27,7,7,SMA Dempo,SMP 4,BT06,BT07,-7.9725,112.6218,-7.97693,112.6334,5.5,1.369535376459733
10,2024-03-05 06:58:24,2024-03-05 07:03:30,6,7,SPBU Tlogomas,SD Dinoyo 2,BT01,BT02,-7.93324,112.60354,-7.94329,112.61047,5.1,1.3487946268033537
10,2024-03-05 07:03:30,2024-03-05 07:04:37,7,7,SD Dinoyo 2,SMA 9,BT02,BT03,-7.94329,112.61047,-7.94979,112.61559,1.1166666666666667,0.9140332362197978
10,2024-03-05 07:12:32,2024-03-05 07:13:56,7,7,SMA 9,SD Dinoyo 2,BT03,BT02,-7.94979,112.61559,-7.94329,112.61047,1.4,0.9140332362197978
10,2024-03-05 07:13:56,2024-03-05 07:18:22,7,7,SD Dinoyo 2,SMA 8,BT02,BT04,-7.94329,112.61047,-7.95658,112.61276,4.433333333333334,1.4913432233154422
10,2024-03-05 07:18:22,2024-03-05 07:23:59,7,7,SMA 8,MAN 2,BT04,BT05,-7.95658,112.61276,-7.96334,112.62548,5.616666666666666,1.5892632315739608
10,2024-03-05 07:23:59,2024-03-05 07:25:47,7,7,MAN 2,SMA Dempo,BT05,BT06,-7.96334,112.62548,-7.9725,112.6218,1.8,1.091282026742783
10,2024-03-05 07:25:47,2024-03-05 07:31:39,7,7,SMA Dempo,SMP 4,BT06,BT07,-7.9725,112.6218,-7.97693,112.6334,5.866666666666666,1.369535376459733
10,2024-03-06 07:02:26,2024-03-06 07:07:06,7,7,SPBU Tlogomas,SD Dinoyo 2,BT01,BT02,-7.93324,112.60354,-7.94329,112.61047,4.666666666666667,1.3487946268033537
10,2024-03-06 07:07:06,2024-03-06 07:08:14,7,7,SD Dinoyo 2,SMA 9,BT02,BT03,-7.94329,112.61047,-7.94979,112.61559,1.1333333333333333,0.9140332362197978
10,2024-03-06 07:16:04,2024-03-06 07:17:49,7,7,SMA 9,SD Dinoyo 2,BT03,BT02,-7.94979,112.61559,-7.94329,112.61047,1.75,0.9140332362197978
10,2024-03-06 07:17:49,2024-03-06 07:23:14,7,7,SD Dinoyo 2,SMA 8,BT02,BT04,-7.94329,112.61047,-7.95658,112.61276,5.416666666666667,1.4913432233154422
10,2024-03-06 07:23:14,2024-03-06 07:30:53,7,7,SMA 8,SMA Dempo,BT04,BT06,-7.95658,112.61276,-7.9725,112.6218,7.65,2.0232108549200403
10,2024-03-06 07:30:53,2024-03-06 07:36:26,7,7,SMA Dempo,SMP 4,BT06,BT07,-7.9725,112.6218,-7.97693,112.6334,5.55,1.369535376459733
10,2024-03-07 07:00:10,2024-03-07 07:04:29,7,7,SPBU Tlogomas,SD Dinoyo 2,BT01,BT02,-7.93324,112.60354,-7.94329,112.61047,4.316666666666666,1.3487946268033537
10,2024-03-07 07:04:29,2024-03-07 07:05:37,7,7,SD Dinoyo 2,SMA 9,BT02,BT03,-7.94329,112.61047,-7.94979,112.61559,1.1333333333333333,0.9140332362197978
10,2024-03-07 07:13:04,2024-03-07 07:14:20,7,7,SMA 9,SD Dinoyo 2,BT03,BT02,-7.94979,112.61559,-7.94329,112.61047,1.2666666666666666,0.9140332362197978
10,2024-03-07 07:14:20,2024-03-07 07:18:00,7,7,SD Dinoyo 2,SMA 8,BT02,BT04,-7.94329,112.61047,-7.95658,112.61276,3.6666666666666665,1.4913432233154422
10,2024-03-07 07:18:00,2024-03-07 07:25:05,7,7,SMA 8,MAN 2,BT04,BT05,-7.95658,112.61276,-7.96334,112.62548,7.083333333333333,1.5892632315739608
10,2024-03-07 07:25:05,2024-03-07 07:33:10,7,7,MAN 2,SMP 4,BT05,BT07,-7.96334,112.62548,-7.97693,112.6334,8.083333333333334,1.7382329657418492
10,2024-03-08 07:04:01,2024-03-08 07:06:03,7,7,SPBU Tlogomas,SD Dinoyo 2,BT01,BT02,-7.93324,112.60354,-7.94329,112.61047,2.033333333333333,1.3487946268033537
10,2024-03-08 07:06:03,2024-03-08 07:07:39,7,7,SD Dinoyo 2,SMA 9,BT02,BT03,-7.94329,112.61047,-7.94979,112.61559,1.6,0.9140332362197978
10,2024-03-08 07:15:19,2024-03-08 07:17:16,7,7,SMA 9,SD Dinoyo 2,BT03,BT02,-7.94979,112.61559,-7.94329,112.61047,1.95,0.9140332362197978
10,2024-03-08 07:17:16,2024-03-08 07:22:31,7,7,SD Dinoyo 2,SMA 8,BT02,BT04,-7.94329,112.61047,-7.95658,112.61276,5.25,1.4913432233154422
10,2024-03-08 07:22:31,2024-03-08 07:30:21,7,7,SMA 8,MAN 2,BT04,BT05,-7.95658,112.61276,-7.96334,112.62548,7.833333333333333,1.5892632315739608
10,2024-03-08 07:30:21,2024-03-08 07:32:20,7,7,MAN 2,SMA Dempo,BT05,BT06,-7.96334,112.62548,-7.9725,112.6218,1.9833333333333334,1.091282026742783
10,2024-03-08 07:32:20,2024-03-08 07:38:45,7,7,SMA Dempo,SMP 4,BT06,BT07,-7.9725,112.6218,-7.97693,112.6334,6.416666666666667,1.369535376459733
10,2024-03-13 07:15:31,2024-03-13 07:17:24,7,7,SPBU Tlogomas,SD Dinoyo 2,BT01,BT02,-7.93324,112.60354,-7.94329,112.61047,1.8833333333333333,1.3487946268033537
10,2024-03-13 07:17:24,2024-03-13 07:18:37,7,7,SD Dinoyo 2,SMA 9,BT02,BT03,-7.94329,112.61047,-7.94979,112.61559,1.2166666666666666,0.9140332362197978
10,2024-03-13 07:18:37,2024-03-13 07:31:27,7,7,SMA 9,MAN 2,BT03,BT05,-7.94979,112.61559,-7.96334,112.62548,12.833333333333334,1.8533023647727864
10,2024-03-13 07:31:27,2024-03-13 07:33:01,7,7,MAN 2,SMA Dempo,BT05,BT06,-7.96334,112.62548,-7.9725,112.6218,1.5666666666666667,1.091282026742783
10,2024-03-14 07:17:16,2024-03-14 07:31:57,7,7,SPBU Tlogomas,MAN 2,BT01,BT05,-7.93324,112.60354,-7.96334,112.62548,14.683333333333334,4.115033678449531
10,2024-03-14 07:31:57,2024-03-14 07:33:18,7,7,MAN 2,SMA Dempo,BT05,BT06,-7.96334,112.62548,-7.9725,112.6218,1.35,1.091282026742783
10,2024-03-15 07:16:48,2024-03-15 07:19:01,7,7,SPBU Tlogomas,SD Dinoyo 2,BT01,BT02,-7.93324,112.60354,-7.94329,112.61047,2.216666666666667,1.3487946268033537
10,2024-03-15 07:19:01,2024-03-15 07:20:21,7,7,SD Dinoyo 2,SMA 9,BT02,BT03,-7.94329,112.61047,-7.94979,112.61559,1.3333333333333333,0.9140332362197978
10,2024-03-15 07:29:47,2024-03-15 07:31:23,7,7,SMA 9,SD Dinoyo 2,BT03,BT02,-7.94979,112.61559,-7.94329,112.61047,1.6,0.9140332362197978
10,2024-03-15 07:31:23,2024-03-15 07:36:31,7,7,SD Dinoyo 2,SMA 8,BT02,BT04,-7.94329,112.61047,-7.95658,112.61276,5.133333333333334,1.4913432233154422
10,2024-03-15 07:36:31,2024-03-15 07:42:29,7,7,SMA 8,MAN 2,BT04,BT05,-7.95658,112.61276,-7.96334,112.62548,5.966666666666667,1.5892632315739608
10,2024-03-15 07:42:29,2024-03-15 07:44:06,7,7,MAN 2,SMA Dempo,BT05,BT06,-7.96334,112.62548,-7.9725,112.6218,1.6166666666666667,1.091282026742783
10,2024-03-15 07:44:06,2024-03-15 07:49:20,7,7,SMA Dempo,SMP 4,BT06,BT07,-7.9725,112.6218,-7.97693,112.6334,5.233333333333333,1.369535376459733
10,2024-03-18 07:18:44,2024-03-18 07:20:47,7,7,SPBU Tlogomas,SD Dinoyo 2,BT01,BT02,-7.93324,112.60354,-7.94329,112.61047,2.05,1.3487946268033537
10,2024-03-18 07:20:47,2024-03-18 07:22:20,7,7,SD Dinoyo 2,SMA 9,BT02,BT03,-7.94329,112.61047,-7.94979,112.61559,1.55,0.9140332362197978
10,2024-03-18 07:29:56,2024-03-18 07:31:52,7,7,SMA 9,SD Dinoyo 2,BT03,BT02,-7.94979,112.61559,-7.94329,112.61047,1.9333333333333333,0.9140332362197978
10,2024-03-18 07:31:52,2024-03-18 07:37:07,7,7,SD Dinoyo 2,SMA 8,BT02,BT04,-7.94329,112.61047,-7.95658,112.61276,5.25,1.4913432233154422
10,2024-03-18 07:37:07,2024-03-18 07:41:46,7,7,SMA 8,MAN 2,BT04,BT05,-7.95658,112.61276,-7.96334,112.62548,4.65,1.5892632315739608
10,2024-03-18 07:41:46,2024-03-18 07:43:27,7,7,MAN 2,SMA Dempo,BT05,BT06,-7.96334,112.62548,-7.9725,112.6218,1.6833333333333333,1.091282026742783
10,2024-03-18 07:43:27,2024-03-18 07:48:37,7,7,SMA Dempo,SMP 4,BT06,BT07,-7.9725,112.6218,-7.97693,112.6334,5.166666666666667,1.369535376459733
10,2024-03-19 07:17:21,2024-03-19 07:19:04,7,7,SPBU Tlogomas,SD Dinoyo 2,BT01,BT02,-7.93324,112.60354,-7.94329,112.61047,1.7166666666666666,1.3487946268033537
10,2024-03-19 07:19:04,2024-03-19 07:20:29,7,7,SD Dinoyo 2,SMA 9,BT02,BT03,-7.94329,112.61047,-7.94979,112.61559,1.4166666666666667,0.9140332362197978
10,2024-03-19 07:29:12,2024-03-19 07:31:00,7,7,SMA 9,SD Dinoyo 2,BT03,BT02,-7.94979,112.61559,-7.94329,112.61047,1.8,0.9140332362197978
10,2024-03-19 07:31:00,2024-03-19 07:35:49,7,7,SD Dinoyo 2,SMA 8,BT02,BT04,-7.94329,112.61047,-7.95658,112.61276,4.816666666666666,1.4913432233154422
10,2024-03-19 07:35:49,2024-03-19 07:39:55,7,7,SMA 8,MAN 2,BT04,BT05,-7.95658,112.61276,-7.96334,112.62548,4.1,1.5892632315739608
10,2024-03-19 07:39:55,2024-03-19 07:41:36,7,7,MAN 2,SMA Dempo,BT05,BT06,-7.96334,112.62548,-7.9725,112.6218,1.6833333333333333,1.091282026742783
10,2024-03-19 07:41:36,2024-03-19 07:46:46,7,7,SMA Dempo,SMP 4,BT06,BT07,-7.9725,112.6218,-7.97693,112.6334,5.166666666666667,1.369535376459733
10,2024-03-20 07:18:56,2024-03-20 07:24:21,7,7,SPBU Tlogomas,SD Dinoyo 2,BT01,BT02,-7.93324,112.60354,-7.94329,112.61047,5.416666666666667,1.3487946268033537
10,2024-03-20 07:24:21,2024-03-20 07:26:02,7,7,SD Dinoyo 2,SMA 9,BT02,BT03,-7.94329,112.61047,-7.94979,112.61559,1.6833333333333333,0.9140332362197978
10,2024-03-20 07:33:09,2024-03-20 07:34:36,7,7,SMA 9,SD Dinoyo 2,BT03,BT02,-7.94979,112.61559,-7.94329,112.61047,1.45,0.9140332362197978
10,2024-03-20 07:34:36,2024-03-20 07:39:22,7,7,SD Dinoyo 2,SMA 8,BT02,BT04,-7.94329,112.61047,-7.95658,112.61276,4.766666666666667,1.4913432233154422
10,2024-03-20 07:39:22,2024-03-20 07:48:56,7,7,SMA 8,SMP 4,BT04,BT07,-7.95658,112.61276,-7.97693,112.6334,9.566666666666666,3.200573835232762
10,2024-03-21 07:14:49,2024-03-21 07:19:39,7,7,SPBU Tlogomas,SD Dinoyo 2,BT01,BT02,-7.93324,112.60354,-7.94329,112.61047,4.833333333333333,1.3487946268033537
10,2024-03-21 07:19:39,2024-03-21 07:20:56,7,7,SD Dinoyo 2,SMA 9,BT02,BT03,-7.94329,112.61047,-7.94979,112.61559,1.2833333333333334,0.9140332362197978
10,2024-03-21 07:27:57,2024-03-21 07:29:22,7,7,SMA 9,SD Dinoyo 2,BT03,BT02,-7.94979,112.61559,-7.94329,112.61047,1.4166666666666667,0.9140332362197978
10,2024-03-21 07:29:22,2024-03-21 07:33:45,7,7,SD Dinoyo 2,SMA 8,BT02,BT04,-7.94329,112.61047,-7.95658,112.61276,4.383333333333334,1.4913432233154422
10,2024-03-21 07:33:45,2024-03-21 07:40:55,7,7,SMA 8,SMA Dempo,BT04,BT06,-7.95658,112.61276,-7.9725,112.6218,7.166666666666667,2.0232108549200403
10,2024-03-21 07:40:55,2024-03-21 07:45:22,7,7,SMA Dempo,SMP 4,BT06,BT07,-7.9725,112.6218,-7.97693,112.6334,4.45,1.369535376459733
10,2024-03-22 07:13:14,2024-03-22 07:19:39,7,7,SPBU Tlogomas,SD Dinoyo 2,BT01,BT02,-7.93324,112.60354,-7.94329,112.61047,6.416666666666667,1.3487946268033537
10,2024-03-22 07:19:39,2024-03-22 07:20:57,7,7,SD Dinoyo 2,SMA 9,BT02,BT03,-7.94329,112.61047,-7.94979,112.61559,1.3,0.9140332362197978
10,2024-03-22 07:27:59,2024-03-22 07:29:50,7,7,SMA 9,SD Dinoyo 2,BT03,BT02,-7.94979,112.61559,-7.94329,112.61047,1.85,0.9140332362197978
10,2024-03-22 07:29:50,2024-03-22 07:34:04,7,7,SD Dinoyo 2,SMA 8,BT02,BT04,-7.94329,112.61047,-7.95658,112.61276,4.233333333333333,1.4913432233154422
10,2024-03-22 07:34:04,2024-03-22 07:39:19,7,7,SMA 8,MAN 2,BT04,BT05,-7.95658,112.61276,-7.96334,112.62548,5.25,1.5892632315739608
10,2024-03-22 07:39:19,2024-03-22 07:46:55,7,7,MAN 2,SMP 4,BT05,BT07,-7.96334,112.62548,-7.97693,112.6334,7.6,1.7382329657418492
10,2024-03-25 07:13:45,2024-03-25 07:18:30,7,7,SPBU Tlogomas,SD Dinoyo 2,BT01,BT02,-7.93324,112.60354,-7.94329,112.61047,4.75,1.3487946268033537
10,2024-03-25 07:18:30,2024-03-25 07:19:47,7,7,SD Dinoyo 2,SMA 9,BT02,BT03,-7.94329,112.61047,-7.94979,112.61559,1.2833333333333334,0.9140332362197978
10,2024-03-25 07:26:34,2024-03-25 07:27:49,7,7,SMA 9,SD Dinoyo 2,BT03,BT02,-7.94979,112.61559,-7.94329,112.61047,1.25,0.9140332362197978
10,2024-03-25 07:27:49,2024-03-25 07:33:45,7,7,SD Dinoyo 2,SMA 8,BT02,BT04,-7.94329,112.61047,-7.95658,112.61276,5.933333333333334,1.4913432233154422
10,2024-03-25 07:33:45,2024-03-25 07:44:10,7,7,SMA 8,SMP 4,BT04,BT07,-7.95658,112.61276,-7.97693,112.6334,10.416666666666666,3.200573835232762
10,2024-03-26 07:27:23,2024-03-26 07:31:18,7,7,SPBU Tlogomas,SD Dinoyo 2,BT01,BT02,-7.93324,112.60354,-7.94329,112.61047,3.9166666666666665,1.3487946268033537
10,2024-03-26 07:31:18,2024-03-26 07:32:58,7,7,SD Dinoyo 2,SMA 9,BT02,BT03,-7.94329,112.61047,-7.94979,112.61559,1.6666666666666667,0.9140332362197978
10,2024-03-26 07:39:59,2024-03-26 07:41:39,7,7,SMA 9,SD Dinoyo 2,BT03,BT02,-7.94979,112.61559,-7.94329,112.61047,1.6666666666666667,0.9140332362197978
10,2024-03-26 07:41:39,2024-03-26 07:46:48,7,7,SD Dinoyo 2,SMA 8,BT02,BT04,-7.94329,112.61047,-7.95658,112.61276,5.15,1.4913432233154422
10,2024-03-26 07:46:48,2024-03-26 07:53:14,7,7,SMA 8,MAN 2,BT04,BT05,-7.95658,112.61276,-7.96334,112.62548,6.433333333333334,1.5892632315739608
10,2024-03-26 07:53:14,2024-03-26 07:54:57,7,7,MAN 2,SMA Dempo,BT05,BT06,-7.96334,112.62548,-7.9725,112.6218,1.7166666666666666,1.091282026742783
10,2024-03-26 07:54:57,2024-03-26 07:59:11,7,7,SMA Dempo,SMP 4,BT06,BT07,-7.9725,112.6218,-7.97693,112.6334,4.233333333333333,1.369535376459733
10,2024-03-27 07:17:52,2024-03-27 07:19:53,7,7,SPBU Tlogomas,SD Dinoyo 2,BT01,BT02,-7.93324,112.60354,-7.94329,112.61047,2.0166666666666666,1.3487946268033537
10,2024-03-27 07:19:53,2024-03-27 07:21:03,7,7,SD Dinoyo 2,SMA 9,BT02,BT03,-7.94329,112.61047,-7.94979,112.61559,1.1666666666666667,0.9140332362197978
10,2024-03-27 07:28:25,2024-03-27 07:29:56,7,7,SMA 9,SD Dinoyo 2,BT03,BT02,-7.94979,112.61559,-7.94329,112.61047,1.5166666666666666,0.9140332362197978
10,2024-03-27 07:29:56,2024-03-27 07:33:34,7,7,SD Dinoyo 2,SMA 8,BT02,BT04,-7.94329,112.61047,-7.95658,112.61276,3.6333333333333333,1.4913432233154422
10,2024-03-27 07:33:34,2024-03-27 07:39:29,7,7,SMA 8,MAN 2,BT04,BT05,-7.95658,112.61276,-7.96334,112.62548,5.916666666666667,1.5892632315739608
10,2024-03-27 07:39:29,2024-03-27 07:41:24,7,7,MAN 2,SMA Dempo,BT05,BT06,-7.96334,112.62548,-7.9725,112.6218,1.9166666666666667,1.091282026742783
10,2024-03-27 07:41:24,2024-03-27 07:46:21,7,7,SMA Dempo,SMP 4,BT06,BT07,-7.9725,112.6218,-7.97693,112.6334,4.95,1.369535376459733
10,2024-03-28 07:14:53,2024-03-28 07:20:52,7,7,SPBU Tlogomas,SD Dinoyo 2,BT01,BT02,-7.93324,112.60354,-7.94329,112.61047,5.983333333333333,1.3487946268033537
10,2024-03-28 07:20:52,2024-03-28 07:29:29,7,7,SD Dinoyo 2,SMA 9,BT02,BT03,-7.94329,112.61047,-7.94979,112.61559,8.616666666666667,0.9140332362197978
10,2024-03-28 07:29:29,2024-03-28 07:30:58,7,7,SMA 9,SD Dinoyo 2,BT03,BT02,-7.94979,112.61559,-7.94329,112.61047,1.4833333333333334,0.9140332362197978
10,2024-03-28 07:30:58,2024-03-28 07:34:56,7,7,SD Dinoyo 2,SMA 8,BT02,BT04,-7.94329,112.61047,-7.95658,112.61276,3.966666666666667,1.4913432233154422
10,2024-03-28 07:34:56,2024-03-28 07:39:30,7,7,SMA 8,MAN 2,BT04,BT05,-7.95658,112.61276,-7.96334,112.62548,4.566666666666666,1.5892632315739608
10,2024-03-28 07:39:30,2024-03-28 07:40:58,7,7,MAN 2,SMA Dempo,BT05,BT06,-7.96334,112.62548,-7.9725,112.6218,1.4666666666666666,1.091282026742783
10,2024-03-28 07:40:58,2024-03-28 07:45:26,7,7,SMA Dempo,SMP 4,BT06,BT07,-7.9725,112.6218,-7.97693,112.6334,4.466666666666667,1.369535376459733
10,2024-04-01 07:18:04,2024-04-01 07:21:48,7,7,SPBU Tlogomas,SMA 9,BT01,BT03,-7.93324,112.60354,-7.94979,112.61559,3.7333333333333334,2.2617319586218145
10,2024-04-01 07:29:33,2024-04-01 07:36:42,7,7,SMA 9,SMA 8,BT03,BT04,-7.94979,112.61559,-7.95658,112.61276,7.15,0.8131884117027338
10,2024-04-01 07:36:42,2024-04-01 07:41:16,7,7,SMA 8,MAN 2,BT04,BT05,-7.95658,112.61276,-7.96334,112.62548,4.566666666666666,1.5892632315739608
10,2024-04-01 07:41:16,2024-04-01 07:42:55,7,7,MAN 2,SMA Dempo,BT05,BT06,-7.96334,112.62548,-7.9725,112.6218,1.65,1.091282026742783
10,2024-04-01 07:42:55,2024-04-01 07:47:51,7,7,SMA Dempo,SMP 4,BT06,BT07,-7.9725,112.6218,-7.97693,112.6334,4.933333333333334,1.369535376459733
10,2024-04-02 07:15:47,2024-04-02 07:21:50,7,7,SPBU Tlogomas,SMA 9,BT01,BT03,-7.93324,112.60354,-7.94979,112.61559,6.05,2.2617319586218145
10,2024-04-02 07:29:12,2024-04-02 07:35:00,7,7,SMA 9,SMA 8,BT03,BT04,-7.94979,112.61559,-7.95658,112.61276,5.8,0.8131884117027338
10,2024-04-02 07:35:00,2024-04-02 07:40:24,7,7,SMA 8,MAN 2,BT04,BT05,-7.95658,112.61276,-7.96334,112.62548,5.4,1.5892632315739608
10,2024-04-02 07:40:24,2024-04-02 07:41:57,7,7,MAN 2,SMA Dempo,BT05,BT06,-7.96334,112.62548,-7.9725,112.6218,1.55,1.091282026742783
10,2024-04-02 07:41:57,2024-04-02 07:46:15,7,7,SMA Dempo,SMP 4,BT06,BT07,-7.9725,112.6218,-7.97693,112.6334,4.3,1.369535376459733
10,2024-04-03 07:17:42,2024-04-03 07:21:09,7,7,SPBU Tlogomas,SMA 9,BT01,BT03,-7.93324,112.60354,-7.94979,112.61559,3.45,2.2617319586218145
10,2024-04-03 07:28:10,2024-04-03 07:34:40,7,7,SMA 9,SMA 8,BT03,BT04,-7.94979,112.61559,-7.95658,112.61276,6.5,0.8131884117027338
10,2024-04-03 07:34:40,2024-04-03 07:40:44,7,7,SMA 8,MAN 2,BT04,BT05,-7.95658,112.61276,-7.96334,112.62548,6.066666666666666,1.5892632315739608
10,2024-04-03 07:40:44,2024-04-03 07:48:12,7,7,MAN 2,SMP 4,BT05,BT07,-7.96334,112.62548,-7.97693,112.6334,7.466666666666667,1.7382329657418492
10,2024-04-04 07:19:36,2024-04-04 07:24:18,7,7,SPBU Tlogomas,SD Dinoyo 2,BT01,BT02,-7.93324,112.60354,-7.94329,112.61047,4.7,1.3487946268033537
10,2024-04-04 07:24:18,2024-04-04 07:25:27,7,7,SD Dinoyo 2,SMA 9,BT02,BT03,-7.94329,112.61047,-7.94979,112.61559,1.15,0.9140332362197978
10,2024-04-04 07:32:58,2024-04-04 07:34:34,7,7,SMA 9,SD Dinoyo 2,BT03,BT02,-7.94979,112.61559,-7.94329,112.61047,1.6,0.9140332362197978
10,2024-04-04 07:34:34,2024-04-04 07:38:46,7,7,SD Dinoyo 2,SMA 8,BT02,BT04,-7.94329,112.61047,-7.95658,112.61276,4.2,1.4913432233154422
10,2024-04-04 07:38:46,2024-04-04 07:43:02,7,7,SMA 8,MAN 2,BT04,BT05,-7.95658,112.61276,-7.96334,112.62548,4.266666666666667,1.5892632315739608
10,2024-04-04 07:43:02,2024-04-04 07:44:40,7,7,MAN 2,SMA Dempo,BT05,BT06,-7.96334,112.62548,-7.9725,112.6218,1.6333333333333333,1.091282026742783
10,2024-04-04 07:44:40,2024-04-04 07:49:08,7,7,SMA Dempo,SMP 4,BT06,BT07,-7.9725,112.6218,-7.97693,112.6334,4.466666666666667,1.369535376459733
10,2024-04-05 07:22:56,2024-04-05 07:24:19,7,7,SD Dinoyo 2,SMA 9,BT02,BT03,-7.94329,112.61047,-7.94979,112.61559,1.3833333333333333,0.9140332362197978
10,2024-04-05 07:30:47,2024-04-05 07:32:51,7,7,SMA 9,SD Dinoyo 2,BT03,BT02,-7.94979,112.61559,-7.94329,112.61047,2.066666666666667,0.9140332362197978
10,2024-04-05 07:32:51,2024-04-05 07:36:38,7,7,SD Dinoyo 2,SMA 8,BT02,BT04,-7.94329,112.61047,-7.95658,112.61276,3.783333333333333,1.4913432233154422
10,2024-04-05 07:36:38,2024-04-05 07:40:27,7,7,SMA 8,MAN 2,BT04,BT05,-7.95658,112.61276,-7.96334,112.62548,3.816666666666667,1.5892632315739608
10,2024-04-05 07:40:27,2024-04-05 07:42:09,7,7,MAN 2,SMA Dempo,BT05,BT06,-7.96334,112.62548,-7.9725,112.6218,1.7,1.091282026742783
10,2024-04-05 07:42:09,2024-04-05 07:47:38,7,7,SMA Dempo,SMP 4,BT06,BT07,-7.9725,112.6218,-7.97693,112.6334,5.483333333333333,1.369535376459733
10,2024-04-05 07:47:38,2024-04-05 07:54:18,7,7,SMP 4,SMA Dempo,BT07,BT06,-7.97693,112.6334,-7.9725,112.6218,6.666666666666667,1.369535376459733
10,2024-04-18 06:51:11,2024-04-18 06:54:05,6,6,SMA 8,SD Dinoyo 2,BT04,BT02,-7.95658,112.61276,-7.94329,112.61047,2.9,1.4913432233154422
10,2024-04-18 06:54:05,2024-04-18 06:55:57,6,6,SD Dinoyo 2,SPBU Tlogomas,BT02,BT01,-7.94329,112.61047,-7.93324,112.60354,1.8666666666666667,1.3487946268033537
10,2024-04-18 06:55:57,2024-04-18 07:00:19,6,7,SPBU Tlogomas,SD Dinoyo 2,BT01,BT02,-7.93324,112.60354,-7.94329,112.61047,4.366666666666666,1.3487946268033537
10,2024-04-18 07:00:19,2024-04-18 07:01:42,7,7,SD Dinoyo 2,SMA 9,BT02,BT03,-7.94329,112.61047,-7.94979,112.61559,1.3833333333333333,0.9140332362197978
10,2024-04-18 07:08:11,2024-04-18 07:09:25,7,7,SMA 9,SD Dinoyo 2,BT03,BT02,-7.94979,112.61559,-7.94329,112.61047,1.2333333333333334,0.9140332362197978
10,2024-04-18 07:09:25,2024-04-18 07:14:00,7,7,SD Dinoyo 2,SMA 8,BT02,BT04,-7.94329,112.61047,-7.95658,112.61276,4.583333333333333,1.4913432233154422
10,2024-04-18 07:14:00,2024-04-18 07:23:00,7,7,SMA 8,SMP 4,BT04,BT07,-7.95658,112.61276,-7.97693,112.6334,9.0,3.200573835232762
10,2024-04-19 06:53:01,2024-04-19 06:55:31,6,6,SMA 8,SD Dinoyo 2,BT04,BT02,-7.95658,112.61276,-7.94329,112.61047,2.5,1.4913432233154422
10,2024-04-19 06:55:31,2024-04-19 07:00:10,6,7,SD Dinoyo 2,SPBU Tlogomas,BT02,BT01,-7.94329,112.61047,-7.93324,112.60354,4.65,1.3487946268033537
10,2024-04-19 07:00:10,2024-04-19 07:01:42,7,7,SPBU Tlogomas,SD Dinoyo 2,BT01,BT02,-7.93324,112.60354,-7.94329,112.61047,1.5333333333333334,1.3487946268033537
10,2024-04-19 07:01:42,2024-04-19 07:02:53,7,7,SD Dinoyo 2,SMA 9,BT02,BT03,-7.94329,112.61047,-7.94979,112.61559,1.1833333333333333,0.9140332362197978
10,2024-04-19 07:09:49,2024-04-19 07:11:10,7,7,SMA 9,SD Dinoyo 2,BT03,BT02,-7.94979,112.61559,-7.94329,112.61047,1.35,0.9140332362197978
10,2024-04-19 07:11:10,2024-04-19 07:13:58,7,7,SD Dinoyo 2,SMA 8,BT02,BT04,-7.94329,112.61047,-7.95658,112.61276,2.8,1.4913432233154422
10,2024-04-19 07:13:58,2024-04-19 07:22:26,7,7,SMA 8,SMP 4,BT04,BT07,-7.95658,112.61276,-7.97693,112.6334,8.466666666666667,3.200573835232762
10,2024-04-19 07:22:26,2024-04-19 07:29:03,7,7,SMP 4,SMA Dempo,BT07,BT06,-7.97693,112.6334,-7.9725,112.6218,6.616666666666666,1.369535376459733
10,2024-04-19 07:29:03,2024-04-19 07:36:07,7,7,SMA Dempo,SMA 8,BT06,BT04,-7.9725,112.6218,-7.95658,112.61276,7.066666666666666,2.0232108549200403
10,2024-04-19 07:36:07,2024-04-19 07:39:11,7,7,SMA 8,SD Dinoyo 2,BT04,BT02,-7.95658,112.61276,-7.94329,112.61047,3.066666666666667,1.4913432233154422
10,2024-04-22 06:49:10,2024-04-22 06:51:44,6,6,SMA 8,SD Dinoyo 2,BT04,BT02,-7.95658,112.61276,-7.94329,112.61047,2.566666666666667,1.4913432233154422
10,2024-04-22 06:51:44,2024-04-22 06:55:45,6,6,SD Dinoyo 2,SPBU Tlogomas,BT02,BT01,-7.94329,112.61047,-7.93324,112.60354,4.016666666666667,1.3487946268033537
10,2024-04-22 06:55:45,2024-04-22 07:01:58,6,7,SPBU Tlogomas,SD Dinoyo 2,BT01,BT02,-7.93324,112.60354,-7.94329,112.61047,6.216666666666667,1.3487946268033537
10,2024-04-22 07:01:58,2024-04-22 07:03:09,7,7,SD Dinoyo 2,SMA 9,BT02,BT03,-7.94329,112.61047,-7.94979,112.61559,1.1833333333333333,0.9140332362197978
10,2024-04-22 07:10:12,2024-04-22 07:11:58,7,7,SMA 9,SD Dinoyo 2,BT03,BT02,-7.94979,112.61559,-7.94329,112.61047,1.7666666666666666,0.9140332362197978
10,2024-04-22 07:11:58,2024-04-22 07:16:40,7,7,SD Dinoyo 2,SMA 8,BT02,BT04,-7.94329,112.61047,-7.95658,112.61276,4.7,1.4913432233154422
10,2024-04-22 07:16:40,2024-04-22 07:24:34,7,7,SMA 8,SMA Dempo,BT04,BT06,-7.95658,112.61276,-7.9725,112.6218,7.9,2.0232108549200403
10,2024-04-22 07:24:34,2024-04-22 07:30:07,7,7,SMA Dempo,SMP 4,BT06,BT07,-7.9725,112.6218,-7.97693,112.6334,5.55,1.369535376459733
10,2024-04-23 06:52:12,2024-04-23 06:59:05,6,6,SPBU Tlogomas,SD Dinoyo 2,BT01,BT02,-7.93324,112.60354,-7.94329,112.61047,6.883333333333334,1.3487946268033537
10,2024-04-23 06:59:05,2024-04-23 07:00:11,6,7,SD Dinoyo 2,SMA 9,BT02,BT03,-7.94329,112.61047,-7.94979,112.61559,1.1,0.9140332362197978
10,2024-04-23 07:08:16,2024-04-23 07:09:39,7,7,SMA 9,SD Dinoyo 2,BT03,BT02,-7.94979,112.61559,-7.94329,112.61047,1.3833333333333333,0.9140332362197978
10,2024-04-23 07:09:39,2024-04-23 07:14:34,7,7,SD Dinoyo 2,SMA 8,BT02,BT04,-7.94329,112.61047,-7.95658,112.61276,4.916666666666667,1.4913432233154422
10,2024-04-23 07:14:34,2024-04-23 07:20:39,7,7,SMA 8,MAN 2,BT04,BT05,-7.95658,112.61276,-7.96334,112.62548,6.083333333333333,1.5892632315739608
10,2024-04-23 07:20:39,2024-04-23 07:22:18,7,7,MAN 2,SMA Dempo,BT05,BT06,-7.96334,112.62548,-7.9725,112.6218,1.65,1.091282026742783
10,2024-04-23 07:22:18,2024-04-23 07:28:24,7,7,SMA Dempo,SMP 4,BT06,BT07,-7.9725,112.6218,-7.97693,112.6334,6.1,1.369535376459733
10,2024-04-24 06:58:06,2024-04-24 07:02:21,6,7,SPBU Tlogomas,SD Dinoyo 2,BT01,BT02,-7.93324,112.60354,-7.94329,112.61047,4.25,1.3487946268033537
10,2024-04-24 07:02:21,2024-04-24 07:03:30,7,7,SD Dinoyo 2,SMA 9,BT02,BT03,-7.94329,112.61047,-7.94979,112.61559,1.15,0.9140332362197978
10,2024-04-24 07:10:08,2024-04-24 07:11:22,7,7,SMA 9,SD Dinoyo 2,BT03,BT02,-7.94979,112.61559,-7.94329,112.61047,1.2333333333333334,0.9140332362197978
10,2024-04-24 07:11:22,2024-04-24 07:16:24,7,7,SD Dinoyo 2,SMA 8,BT02,BT04,-7.94329,112.61047,-7.95658,112.61276,5.033333333333333,1.4913432233154422
10,2024-04-24 07:16:24,2024-04-24 07:22:09,7,7,SMA 8,MAN 2,BT04,BT05,-7.95658,112.61276,-7.96334,112.62548,5.75,1.5892632315739608
10,2024-04-24 07:22:09,2024-04-24 07:29:44,7,7,MAN 2,SMP 4,BT05,BT07,-7.96334,112.62548,-7.97693,112.6334,7.583333333333333,1.7382329657418492
10,2024-04-25 06:56:51,2024-04-25 07:01:04,6,7,SPBU Tlogomas,SD Dinoyo 2,BT01,BT02,-7.93324,112.60354,-7.94329,112.61047,4.216666666666667,1.3487946268033537
10,2024-04-25 07:01:04,2024-04-25 07:02:17,7,7,SD Dinoyo 2,SMA 9,BT02,BT03,-7.94329,112.61047,-7.94979,112.61559,1.2166666666666666,0.9140332362197978
10,2024-04-25 07:08:54,2024-04-25 07:10:16,7,7,SMA 9,SD Dinoyo 2,BT03,BT02,-7.94979,112.61559,-7.94329,112.61047,1.3666666666666667,0.9140332362197978
10,2024-04-25 07:10:16,2024-04-25 07:14:31,7,7,SD Dinoyo 2,SMA 8,BT02,BT04,-7.94329,112.61047,-7.95658,112.61276,4.25,1.4913432233154422
10,2024-04-25 07:14:31,2024-04-25 07:19:36,7,7,SMA 8,MAN 2,BT04,BT05,-7.95658,112.61276,-7.96334,112.62548,5.083333333333333,1.5892632315739608
10,2024-04-25 07:19:36,2024-04-25 07:21:07,7,7,MAN 2,SMA Dempo,BT05,BT06,-7.96334,112.62548,-7.9725,112.6218,1.5166666666666666,1.091282026742783
10,2024-04-25 07:21:07,2024-04-25 07:26:11,7,7,SMA Dempo,SMP 4,BT06,BT07,-7.9725,112.6218,-7.97693,112.6334,5.066666666666666,1.369535376459733
10,2024-04-26 06:54:10,2024-04-26 06:58:33,6,6,SPBU Tlogomas,SD Dinoyo 2,BT01,BT02,-7.93324,112.60354,-7.94329,112.61047,4.383333333333334,1.3487946268033537
10,2024-04-26 06:58:33,2024-04-26 06:59:53,6,6,SD Dinoyo 2,SMA 9,BT02,BT03,-7.94329,112.61047,-7.94979,112.61559,1.3333333333333333,0.9140332362197978
10,2024-04-26 07:06:39,2024-04-26 07:07:59,7,7,SMA 9,SD Dinoyo 2,BT03,BT02,-7.94979,112.61559,-7.94329,112.61047,1.3333333333333333,0.9140332362197978
10,2024-04-26 07:07:59,2024-04-26 07:11:17,7,7,SD Dinoyo 2,SMA 8,BT02,BT04,-7.94329,112.61047,-7.95658,112.61276,3.3,1.4913432233154422
10,2024-04-26 07:11:17,2024-04-26 07:18:01,7,7,SMA 8,MAN 2,BT04,BT05,-7.95658,112.61276,-7.96334,112.62548,6.733333333333333,1.5892632315739608
10,2024-04-26 07:18:01,2024-04-26 07:19:34,7,7,MAN 2,SMA Dempo,BT05,BT06,-7.96334,112.62548,-7.9725,112.6218,1.55,1.091282026742783
10,2024-04-26 07:19:34,2024-04-26 07:24:54,7,7,SMA Dempo,SMP 4,BT06,BT07,-7.9725,112.6218,-7.97693,112.6334,5.333333333333333,1.369535376459733
10,2024-04-29 06:52:55,2024-04-29 06:59:04,6,6,SPBU Tlogomas,SD Dinoyo 2,BT01,BT02,-7.93324,112.60354,-7.94329,112.61047,6.15,1.3487946268033537
10,2024-04-29 06:59:04,2024-04-29 07:00:08,6,7,SD Dinoyo 2,SMA 9,BT02,BT03,-7.94329,112.61047,-7.94979,112.61559,1.0666666666666667,0.9140332362197978
10,2024-04-29 07:08:06,2024-04-29 07:09:22,7,7,SMA 9,SD Dinoyo 2,BT03,BT02,-7.94979,112.61559,-7.94329,112.61047,1.2666666666666666,0.9140332362197978
10,2024-04-29 07:09:22,2024-04-29 07:12:59,7,7,SD Dinoyo 2,SMA 8,BT02,BT04,-7.94329,112.61047,-7.95658,112.61276,3.6166666666666667,1.4913432233154422
10,2024-04-29 07:12:59,2024-04-29 07:18:32,7,7,SMA 8,MAN 2,BT04,BT05,-7.95658,112.61276,-7.96334,112.62548,5.55,1.5892632315739608
10,2024-04-29 07:18:32,2024-04-29 07:20:20,7,7,MAN 2,SMA Dempo,BT05,BT06,-7.96334,112.62548,-7.9725,112.6218,1.8,1.091282026742783
10,2024-04-29 07:20:20,2024-04-29 07:26:06,7,7,SMA Dempo,SMP 4,BT06,BT07,-7.9725,112.6218,-7.97693,112.6334,5.766666666666667,1.369535376459733
10,2024-04-30 06:57:36,2024-04-30 07:01:50,6,7,SPBU Tlogomas,SD Dinoyo 2,BT01,BT02,-7.93324,112.60354,-7.94329,112.61047,4.233333333333333,1.3487946268033537
10,2024-04-30 07:01:50,2024-04-30 07:02:57,7,7,SD Dinoyo 2,SMA 9,BT02,BT03,-7.94329,112.61047,-7.94979,112.61559,1.1166666666666667,0.9140332362197978
10,2024-04-30 07:11:27,2024-04-30 07:12:59,7,7,SMA 9,SD Dinoyo 2,BT03,BT02,-7.94979,112.61559,-7.94329,112.61047,1.5333333333333334,0.9140332362197978
10,2024-04-30 07:12:59,2024-04-30 07:17:40,7,7,SD Dinoyo 2,SMA 8,BT02,BT04,-7.94329,112.61047,-7.95658,112.61276,4.683333333333334,1.4913432233154422
10,2024-04-30 07:17:40,2024-04-30 07:25:44,7,7,SMA 8,SMA Dempo,BT04,BT06,-7.95658,112.61276,-7.9725,112.6218,8.066666666666666,2.0232108549200403
10,2024-04-30 07:25:44,2024-04-30 07:32:04,7,7,SMA Dempo,SMP 4,BT06,BT07,-7.9725,112.6218,-7.97693,112.6334,6.333333333333333,1.369535376459733
10,2024-05-02 06:48:19,2024-05-02 06:51:31,6,6,SMA 8,SD Dinoyo 2,BT04,BT02,-7.95658,112.61276,-7.94329,112.61047,3.2,1.4913432233154422
10,2024-05-02 06:51:31,2024-05-02 06:54:27,6,6,SD Dinoyo 2,SPBU Tlogomas,BT02,BT01,-7.94329,112.61047,-7.93324,112.60354,2.933333333333333,1.3487946268033537
10,2024-05-02 06:54:27,2024-05-02 06:59:33,6,6,SPBU Tlogomas,SD Dinoyo 2,BT01,BT02,-7.93324,112.60354,-7.94329,112.61047,5.1,1.3487946268033537
10,2024-05-02 06:59:33,2024-05-02 07:00:48,6,7,SD Dinoyo 2,SMA 9,BT02,BT03,-7.94329,112.61047,-7.94979,112.61559,1.25,0.9140332362197978
10,2024-05-02 07:09:48,2024-05-02 07:11:13,7,7,SMA 9,SD Dinoyo 2,BT03,BT02,-7.94979,112.61559,-7.94329,112.61047,1.4166666666666667,0.9140332362197978
10,2024-05-02 07:11:13,2024-05-02 07:15:26,7,7,SD Dinoyo 2,SMA 8,BT02,BT04,-7.94329,112.61047,-7.95658,112.61276,4.216666666666667,1.4913432233154422
10,2024-05-02 07:15:26,2024-05-02 07:21:03,7,7,SMA 8,MAN 2,BT04,BT05,-7.95658,112.61276,-7.96334,112.62548,5.616666666666666,1.5892632315739608
10,2024-05-02 07:21:03,2024-05-02 07:23:02,7,7,MAN 2,SMA Dempo,BT05,BT06,-7.96334,112.62548,-7.9725,112.6218,1.9833333333333334,1.091282026742783
10,2024-05-02 07:23:02,2024-05-02 07:29:20,7,7,SMA Dempo,SMP 4,BT06,BT07,-7.9725,112.6218,-7.97693,112.6334,6.3,1.369535376459733
10,2024-05-03 06:48:58,2024-05-03 06:52:15,6,6,SMA 8,SD Dinoyo 2,BT04,BT02,-7.95658,112.61276,-7.94329,112.61047,3.283333333333333,1.4913432233154422
10,2024-05-03 06:52:15,2024-05-03 06:55:50,6,6,SD Dinoyo 2,SPBU Tlogomas,BT02,BT01,-7.94329,112.61047,-7.93324,112.60354,3.5833333333333335,1.3487946268033537
10,2024-05-03 06:55:50,2024-05-03 06:59:49,6,6,SPBU Tlogomas,SD Dinoyo 2,BT01,BT02,-7.93324,112.60354,-7.94329,112.61047,3.9833333333333334,1.3487946268033537
10,2024-05-03 06:59:49,2024-05-03 07:00:57,6,7,SD Dinoyo 2,SMA 9,BT02,BT03,-7.94329,112.61047,-7.94979,112.61559,1.1333333333333333,0.9140332362197978
10,2024-05-03 07:08:36,2024-05-03 07:10:18,7,7,SMA 9,SD Dinoyo 2,BT03,BT02,-7.94979,112.61559,-7.94329,112.61047,1.7,0.9140332362197978
10,2024-05-03 07:10:18,2024-05-03 07:15:32,7,7,SD Dinoyo 2,SMA 8,BT02,BT04,-7.94329,112.61047,-7.95658,112.61276,5.233333333333333,1.4913432233154422
10,2024-05-03 07:15:32,2024-05-03 07:20:55,7,7,SMA 8,MAN 2,BT04,BT05,-7.95658,112.61276,-7.96334,112.62548,5.383333333333334,1.5892632315739608
10,2024-05-03 07:20:55,2024-05-03 07:22:42,7,7,MAN 2,SMA Dempo,BT05,BT06,-7.96334,112.62548,-7.9725,112.6218,1.7833333333333334,1.091282026742783
10,2024-05-03 07:22:42,2024-05-03 07:27:33,7,7,SMA Dempo,SMP 4,BT06,BT07,-7.9725,112.6218,-7.97693,112.6334,4.85,1.369535376459733
10,2024-05-06 06:55:09,2024-05-06 06:59:26,6,6,SPBU Tlogomas,SD Dinoyo 2,BT01,BT02,-7.93324,112.60354,-7.94329,112.61047,4.283333333333333,1.3487946268033537
10,2024-05-06 06:59:26,2024-05-06 07:00:33,6,7,SD Dinoyo 2,SMA 9,BT02,BT03,-7.94329,112.61047,-7.94979,112.61559,1.1166666666666667,0.9140332362197978
10,2024-05-06 07:08:12,2024-05-06 07:09:41,7,7,SMA 9,SD Dinoyo 2,BT03,BT02,-7.94979,112.61559,-7.94329,112.61047,1.4833333333333334,0.9140332362197978
10,2024-05-06 07:09:41,2024-05-06 07:14:38,7,7,SD Dinoyo 2,SMA 8,BT02,BT04,-7.94329,112.61047,-7.95658,112.61276,4.95,1.4913432233154422
10,2024-05-06 07:14:38,2024-05-06 07:23:48,7,7,SMA 8,SMP 4,BT04,BT07,-7.95658,112.61276,-7.97693,112.6334,9.166666666666666,3.200573835232762
10,2024-05-07 06:53:29,2024-05-07 06:59:27,6,6,SPBU Tlogomas,SD Dinoyo 2,BT01,BT02,-7.93324,112.60354,-7.94329,112.61047,5.966666666666667,1.3487946268033537
10,2024-05-07 06:59:27,2024-05-07 07:00:49,6,7,SD Dinoyo 2,SMA 9,BT02,BT03,-7.94329,112.61047,-7.94979,112.61559,1.3666666666666667,0.9140332362197978
10,2024-05-07 07:07:47,2024-05-07 07:09:21,7,7,SMA 9,SD Dinoyo 2,BT03,BT02,-7.94979,112.61559,-7.94329,112.61047,1.5666666666666667,0.9140332362197978
10,2024-05-07 07:09:21,2024-05-07 07:14:55,7,7,SD Dinoyo 2,SMA 8,BT02,BT04,-7.94329,112.61047,-7.95658,112.61276,5.566666666666666,1.4913432233154422
10,2024-05-07 07:14:55,2024-05-07 07:24:22,7,7,SMA 8,SMP 4,BT04,BT07,-7.95658,112.61276,-7.97693,112.6334,9.45,3.200573835232762
10,2024-05-08 06:56:21,2024-05-08 07:01:12,6,7,SPBU Tlogomas,SD Dinoyo 2,BT01,BT02,-7.93324,112.60354,-7.94329,112.61047,4.85,1.3487946268033537
10,2024-05-08 07:01:12,2024-05-08 07:02:27,7,7,SD Dinoyo 2,SMA 9,BT02,BT03,-7.94329,112.61047,-7.94979,112.61559,1.25,0.9140332362197978
10,2024-05-08 07:09:51,2024-05-08 07:11:38,7,7,SMA 9,SD Dinoyo 2,BT03,BT02,-7.94979,112.61559,-7.94329,112.61047,1.7833333333333334,0.9140332362197978
10,2024-05-08 07:11:38,2024-05-08 07:17:31,7,7,SD Dinoyo 2,SMA 8,BT02,BT04,-7.94329,112.61047,-7.95658,112.61276,5.883333333333334,1.4913432233154422
10,2024-05-08 07:17:31,2024-05-08 07:27:10,7,7,SMA 8,SMP 4,BT04,BT07,-7.95658,112.61276,-7.97693,112.6334,9.65,3.200573835232762
10,2024-05-09 07:34:11,2024-05-09 07:37:24,7,7,SD Dinoyo 2,SMA 8,BT02,BT04,-7.94329,112.61047,-7.95658,112.61276,3.216666666666667,1.4913432233154422
10,2024-05-09 07:37:24,2024-05-09 07:44:25,7,7,SMA 8,SMP 4,BT04,BT07,-7.95658,112.61276,-7.97693,112.6334,7.016666666666667,3.200573835232762
10,2024-05-13 06:48:14,2024-05-13 06:52:00,6,6,SMA 8,SD Dinoyo 2,BT04,BT02,-7.95658,112.61276,-7.94329,112.61047,3.7666666666666666,1.4913432233154422
10,2024-05-13 06:52:00,2024-05-13 06:54:50,6,6,SD Dinoyo 2,SPBU Tlogomas,BT02,BT01,-7.94329,112.61047,-7.93324,112.60354,2.8333333333333335,1.3487946268033537
10,2024-05-13 06:54:50,2024-05-13 06:59:23,6,6,SPBU Tlogomas,SD Dinoyo 2,BT01,BT02,-7.93324,112.60354,-7.94329,112.61047,4.55,1.3487946268033537
10,2024-05-13 06:59:23,2024-05-13 07:00:34,6,7,SD Dinoyo 2,SMA 9,BT02,BT03,-7.94329,112.61047,-7.94979,112.61559,1.1833333333333333,0.9140332362197978
10,2024-05-13 07:07:32,2024-05-13 07:09:16,7,7,SMA 9,SD Dinoyo 2,BT03,BT02,-7.94979,112.61559,-7.94329,112.61047,1.7333333333333334,0.9140332362197978
10,2024-05-13 07:09:16,2024-05-13 07:13:35,7,7,SD Dinoyo 2,SMA 8,BT02,BT04,-7.94329,112.61047,-7.95658,112.61276,4.316666666666666,1.4913432233154422
10,2024-05-13 07:13:35,2024-05-13 07:18:41,7,7,SMA 8,MAN 2,BT04,BT05,-7.95658,112.61276,-7.96334,112.62548,5.1,1.5892632315739608
10,2024-05-13 07:18:41,2024-05-13 07:20:46,7,7,MAN 2,SMA Dempo,BT05,BT06,-7.96334,112.62548,-7.9725,112.6218,2.0833333333333335,1.091282026742783
10,2024-05-13 07:20:46,2024-05-13 07:25:43,7,7,SMA Dempo,SMP 4,BT06,BT07,-7.9725,112.6218,-7.97693,112.6334,4.95,1.369535376459733
10,2024-05-14 06:52:57,2024-05-14 06:58:35,6,6,SPBU Tlogomas,SD Dinoyo 2,BT01,BT02,-7.93324,112.60354,-7.94329,112.61047,5.633333333333334,1.3487946268033537
10,2024-05-14 06:58:35,2024-05-14 06:59:45,6,6,SD Dinoyo 2,SMA 9,BT02,BT03,-7.94329,112.61047,-7.94979,112.61559,1.1666666666666667,0.9140332362197978
10,2024-05-14 07:06:15,2024-05-14 07:07:38,7,7,SMA 9,SD Dinoyo 2,BT03,BT02,-7.94979,112.61559,-7.94329,112.61047,1.3833333333333333,0.9140332362197978
10,2024-05-14 07:07:38,2024-05-14 07:11:36,7,7,SD Dinoyo 2,SMA 8,BT02,BT04,-7.94329,112.61047,-7.95658,112.61276,3.966666666666667,1.4913432233154422
10,2024-05-14 07:11:36,2024-05-14 07:18:10,7,7,SMA 8,MAN 2,BT04,BT05,-7.95658,112.61276,-7.96334,112.62548,6.566666666666666,1.5892632315739608
10,2024-05-14 07:18:10,2024-05-14 07:19:50,7,7,MAN 2,SMA Dempo,BT05,BT06,-7.96334,112.62548,-7.9725,112.6218,1.6666666666666667,1.091282026742783
10,2024-05-14 07:19:50,2024-05-14 07:25:27,7,7,SMA Dempo,SMP 4,BT06,BT07,-7.9725,112.6218,-7.97693,112.6334,5.616666666666666,1.369535376459733
10,2024-05-15 06:57:13,2024-05-15 06:59:23,6,6,SPBU Tlogomas,SD Dinoyo 2,BT01,BT02,-7.93324,112.60354,-7.94329,112.61047,2.1666666666666665,1.3487946268033537
10,2024-05-15 06:59:23,2024-05-15 07:00:52,6,7,SD Dinoyo 2,SMA 9,BT02,BT03,-7.94329,112.61047,-7.94979,112.61559,1.4833333333333334,0.9140332362197978
10,2024-05-15 07:08:23,2024-05-15 07:09:45,7,7,SMA 9,SD Dinoyo 2,BT03,BT02,-7.94979,112.61559,-7.94329,112.61047,1.3666666666666667,0.9140332362197978
10,2024-05-15 07:09:45,2024-05-15 07:13:41,7,7,SD Dinoyo 2,SMA 8,BT02,BT04,-7.94329,112.61047,-7.95658,112.61276,3.933333333333333,1.4913432233154422
10,2024-05-15 07:13:41,2024-05-15 07:19:13,7,7,SMA 8,MAN 2,BT04,BT05,-7.95658,112.61276,-7.96334,112.62548,5.533333333333333,1.5892632315739608
10,2024-05-15 07:19:13,2024-05-15 07:20:55,7,7,MAN 2,SMA Dempo,BT05,BT06,-7.96334,112.62548,-7.9725,112.6218,1.7,1.091282026742783
10,2024-05-15 07:20:55,2024-05-15 07:26:32,7,7,SMA Dempo,SMP 4,BT06,BT07,-7.9725,112.6218,-7.97693,112.6334,5.616666666666666,1.369535376459733
10,2024-05-16 06:54:40,2024-05-16 06:59:55,6,6,SPBU Tlogomas,SD Dinoyo 2,BT01,BT02,-7.93324,112.60354,-7.94329,112.61047,5.25,1.3487946268033537
10,2024-05-16 06:59:55,2024-05-16 07:01:09,6,7,SD Dinoyo 2,SMA 9,BT02,BT03,-7.94329,112.61047,-7.94979,112.61559,1.2333333333333334,0.9140332362197978
10,2024-05-16 07:07:59,2024-05-16 07:09:26,7,7,SMA 9,SD Dinoyo 2,BT03,BT02,-7.94979,112.61559,-7.94329,112.61047,1.45,0.9140332362197978
10,2024-05-16 07:09:26,2024-05-16 07:13:24,7,7,SD Dinoyo 2,SMA 8,BT02,BT04,-7.94329,112.61047,-7.95658,112.61276,3.966666666666667,1.4913432233154422
10,2024-05-16 07:13:24,2024-05-16 07:19:14,7,7,SMA 8,MAN 2,BT04,BT05,-7.95658,112.61276,-7.96334,112.62548,5.833333333333333,1.5892632315739608
10,2024-05-16 07:19:14,2024-05-16 07:20:50,7,7,MAN 2,SMA Dempo,BT05,BT06,-7.96334,112.62548,-7.9725,112.6218,1.6,1.091282026742783
10,2024-05-16 07:20:50,2024-05-16 07:26:29,7,7,SMA Dempo,SMP 4,BT06,BT07,-7.9725,112.6218,-7.97693,112.6334,5.65,1.369535376459733
10,2024-05-17 06:53:18,2024-05-17 06:58:52,6,6,SPBU Tlogomas,SD Dinoyo 2,BT01,BT02,-7.93324,112.60354,-7.94329,112.61047,5.566666666666666,1.3487946268033537
10,2024-05-17 06:58:52,2024-05-17 07:01:16,6,7,SD Dinoyo 2,SMA 9,BT02,BT03,-7.94329,112.61047,-7.94979,112.61559,2.4,0.9140332362197978
10,2024-05-17 07:08:34,2024-05-17 07:09:56,7,7,SMA 9,SD Dinoyo 2,BT03,BT02,-7.94979,112.61559,-7.94329,112.61047,1.3666666666666667,0.9140332362197978
10,2024-05-17 07:09:56,2024-05-17 07:13:39,7,7,SD Dinoyo 2,SMA 8,BT02,BT04,-7.94329,112.61047,-7.95658,112.61276,3.716666666666667,1.4913432233154422
10,2024-05-17 07:13:39,2024-05-17 07:19:45,7,7,SMA 8,MAN 2,BT04,BT05,-7.95658,112.61276,-7.96334,112.62548,6.1,1.5892632315739608
10,2024-05-17 07:19:45,2024-05-17 07:21:27,7,7,MAN 2,SMA Dempo,BT05,BT06,-7.96334,112.62548,-7.9725,112.6218,1.7,1.091282026742783
10,2024-05-17 07:21:27,2024-05-17 07:26:38,7,7,SMA Dempo,SMP 4,BT06,BT07,-7.9725,112.6218,-7.97693,112.6334,5.183333333333334,1.369535376459733
10,2024-05-20 06:53:14,2024-05-20 06:59:02,6,6,SPBU Tlogomas,SD Dinoyo 2,BT01,BT02,-7.93324,112.60354,-7.94329,112.61047,5.8,1.3487946268033537
10,2024-05-20 06:59:02,2024-05-20 07:00:14,6,7,SD Dinoyo 2,SMA 9,BT02,BT03,-7.94329,112.61047,-7.94979,112.61559,1.2,0.9140332362197978
10,2024-05-20 07:06:46,2024-05-20 07:08:03,7,7,SMA 9,SD Dinoyo 2,BT03,BT02,-7.94979,112.61559,-7.94329,112.61047,1.2833333333333334,0.9140332362197978
10,2024-05-20 07:08:03,2024-05-20 07:12:52,7,7,SD Dinoyo 2,SMA 8,BT02,BT04,-7.94329,112.61047,-7.95658,112.61276,4.816666666666666,1.4913432233154422
10,2024-05-20 07:12:52,2024-05-20 07:18:28,7,7,SMA 8,MAN 2,BT04,BT05,-7.95658,112.61276,-7.96334,112.62548,5.6,1.5892632315739608
10,2024-05-20 07:18:28,2024-05-20 07:20:14,7,7,MAN 2,SMA Dempo,BT05,BT06,-7.96334,112.62548,-7.9725,112.6218,1.7666666666666666,1.091282026742783
10,2024-05-20 07:20:14,2024-05-20 07:25:24,7,7,SMA Dempo,SMP 4,BT06,BT07,-7.9725,112.6218,-7.97693,112.6334,5.166666666666667,1.369535376459733
10,2024-05-20 07:25:24,2024-05-20 07:33:39,7,7,SMP 4,SMA Dempo,BT07,BT06,-7.97693,112.6334,-7.9725,112.6218,8.25,1.369535376459733
10,2024-05-21 06:56:15,2024-05-21 07:00:13,6,7,SPBU Tlogomas,SD Dinoyo 2,BT01,BT02,-7.93324,112.60354,-7.94329,112.61047,3.966666666666667,1.3487946268033537
10,2024-05-21 07:00:13,2024-05-21 07:01:22,7,7,SD Dinoyo 2,SMA 9,BT02,BT03,-7.94329,112.61047,-7.94979,112.61559,1.15,0.9140332362197978
10,2024-05-21 07:08:17,2024-05-21 07:09:41,7,7,SMA 9,SD Dinoyo 2,BT03,BT02,-7.94979,112.61559,-7.94329,112.61047,1.4,0.9140332362197978
10,2024-05-21 07:09:41,2024-05-21 07:15:07,7,7,SD Dinoyo 2,SMA 8,BT02,BT04,-7.94329,112.61047,-7.95658,112.61276,5.433333333333334,1.4913432233154422
10,2024-05-21 07:15:07,2024-05-21 07:19:46,7,7,SMA 8,MAN 2,BT04,BT05,-7.95658,112.61276,-7.96334,112.62548,4.65,1.5892632315739608
10,2024-05-21 07:19:46,2024-05-21 07:21:27,7,7,MAN 2,SMA Dempo,BT05,BT06,-7.96334,112.62548,-7.9725,112.6218,1.6833333333333333,1.091282026742783
10,2024-05-21 07:21:27,2024-05-21 07:27:22,7,7,SMA Dempo,SMP 4,BT06,BT07,-7.9725,112.6218,-7.97693,112.6334,5.916666666666667,1.369535376459733
10,2024-05-22 07:05:06,2024-05-22 07:06:08,7,7,SD Dinoyo 2,SMA 9,BT02,BT03,-7.94329,112.61047,-7.94979,112.61559,1.0333333333333334,0.9140332362197978
10,2024-05-22 07:12:35,2024-05-22 07:14:25,7,7,SMA 9,SD Dinoyo 2,BT03,BT02,-7.94979,112.61559,-7.94329,112.61047,1.8333333333333333,0.9140332362197978
10,2024-05-22 07:14:25,2024-05-22 07:19:30,7,7,SD Dinoyo 2,SMA 8,BT02,BT04,-7.94329,112.61047,-7.95658,112.61276,5.083333333333333,1.4913432233154422
10,2024-05-22 07:19:30,2024-05-22 07:24:20,7,7,SMA 8,MAN 2,BT04,BT05,-7.95658,112.61276,-7.96334,112.62548,4.833333333333333,1.5892632315739608
10,2024-05-22 07:24:20,2024-05-22 07:26:04,7,7,MAN 2,SMA Dempo,BT05,BT06,-7.96334,112.62548,-7.9725,112.6218,1.7333333333333334,1.091282026742783
10,2024-05-22 07:26:04,2024-05-22 07:31:58,7,7,SMA Dempo,SMP 4,BT06,BT07,-7.9725,112.6218,-7.97693,112.6334,5.9,1.369535376459733
10,2024-05-27 07:04:05,2024-05-27 07:12:12,7,7,SD Dinoyo 2,SMA 9,BT02,BT03,-7.94329,112.61047,-7.94979,112.61559,8.116666666666667,0.9140332362197978
10,2024-05-27 07:12:12,2024-05-27 07:14:13,7,7,SMA 9,SD Dinoyo 2,BT03,BT02,-7.94979,112.61559,-7.94329,112.61047,2.0166666666666666,0.9140332362197978
10,2024-05-27 07:14:13,2024-05-27 07:19:19,7,7,SD Dinoyo 2,SMA 8,BT02,BT04,-7.94329,112.61047,-7.95658,112.61276,5.1,1.4913432233154422
10,2024-05-27 07:19:19,2024-05-27 07:25:40,7,7,SMA 8,MAN 2,BT04,BT05,-7.95658,112.61276,-7.96334,112.62548,6.35,1.5892632315739608
10,2024-05-27 07:25:40,2024-05-27 07:27:52,7,7,MAN 2,SMA Dempo,BT05,BT06,-7.96334,112.62548,-7.9725,112.6218,2.2,1.091282026742783
10,2024-05-27 07:27:52,2024-05-27 07:32:54,7,7,SMA Dempo,SMP 4,BT06,BT07,-7.9725,112.6218,-7.97693,112.6334,5.033333333333333,1.369535376459733
10,2024-05-28 07:02:58,2024-05-28 07:04:06,7,7,SD Dinoyo 2,SMA 9,BT02,BT03,-7.94329,112.61047,-7.94979,112.61559,1.1333333333333333,0.9140332362197978
10,2024-05-28 07:11:17,2024-05-28 07:12:45,7,7,SMA 9,SD Dinoyo 2,BT03,BT02,-7.94979,112.61559,-7.94329,112.61047,1.4666666666666666,0.9140332362197978
10,2024-05-28 07:12:45,2024-05-28 07:16:27,7,7,SD Dinoyo 2,SMA 8,BT02,BT04,-7.94329,112.61047,-7.95658,112.61276,3.7,1.4913432233154422
10,2024-05-28 07:16:27,2024-05-28 07:22:43,7,7,SMA 8,MAN 2,BT04,BT05,-7.95658,112.61276,-7.96334,112.62548,6.266666666666667,1.5892632315739608
10,2024-05-28 07:22:43,2024-05-28 07:29:25,7,7,MAN 2,SMP 4,BT05,BT07,-7.96334,112.62548,-7.97693,112.6334,6.7,1.7382329657418492
10,2024-05-29 07:02:49,2024-05-29 07:04:02,7,7,SD Dinoyo 2,SMA 9,BT02,BT03,-7.94329,112.61047,-7.94979,112.61559,1.2166666666666666,0.9140332362197978
10,2024-05-29 07:11:20,2024-05-29 07:12:50,7,7,SMA 9,SD Dinoyo 2,BT03,BT02,-7.94979,112.61559,-7.94329,112.61047,1.5,0.9140332362197978
10,2024-05-29 07:12:50,2024-05-29 07:16:47,7,7,SD Dinoyo 2,SMA 8,BT02,BT04,-7.94329,112.61047,-7.95658,112.61276,3.95,1.4913432233154422
10,2024-05-29 07:16:47,2024-05-29 07:24:53,7,7,SMA 8,MAN 2,BT04,BT05,-7.95658,112.61276,-7.96334,112.62548,8.1,1.5892632315739608
10,2024-05-29 07:24:53,2024-05-29 07:26:27,7,7,MAN 2,SMA Dempo,BT05,BT06,-7.96334,112.62548,-7.9725,112.6218,1.5666666666666667,1.091282026742783
10,2024-05-29 07:26:27,2024-05-29 07:31:02,7,7,SMA Dempo,SMP 4,BT06,BT07,-7.9725,112.6218,-7.97693,112.6334,4.583333333333333,1.369535376459733
10,2024-05-30 07:01:32,2024-05-30 07:02:42,7,7,SD Dinoyo 2,SMA 9,BT02,BT03,-7.94329,112.61047,-7.94979,112.61559,1.1666666666666667,0.9140332362197978
10,2024-05-30 07:09:37,2024-05-30 07:10:59,7,7,SMA 9,SD Dinoyo 2,BT03,BT02,-7.94979,112.61559,-7.94329,112.61047,1.3666666666666667,0.9140332362197978
10,2024-05-30 07:10:59,2024-05-30 07:16:01,7,7,SD Dinoyo 2,SMA 8,BT02,BT04,-7.94329,112.61047,-7.95658,112.61276,5.033333333333333,1.4913432233154422
10,2024-05-30 07:16:01,2024-05-30 07:22:00,7,7,SMA 8,MAN 2,BT04,BT05,-7.95658,112.61276,-7.96334,112.62548,5.983333333333333,1.5892632315739608
10,2024-05-30 07:22:00,2024-05-30 07:23:34,7,7,MAN 2,SMA Dempo,BT05,BT06,-7.96334,112.62548,-7.9725,112.6218,1.5666666666666667,1.091282026742783
10,2024-05-30 07:23:34,2024-05-30 07:28:56,7,7,SMA Dempo,SMP 4,BT06,BT07,-7.9725,112.6218,-7.97693,112.6334,5.366666666666666,1.369535376459733
10,2024-05-31 07:05:04,2024-05-31 07:06:10,7,7,SD Dinoyo 2,SMA 9,BT02,BT03,-7.94329,112.61047,-7.94979,112.61559,1.1,0.9140332362197978
10,2024-05-31 07:12:49,2024-05-31 07:14:20,7,7,SMA 9,SD Dinoyo 2,BT03,BT02,-7.94979,112.61559,-7.94329,112.61047,1.5166666666666666,0.9140332362197978
10,2024-05-31 07:14:20,2024-05-31 07:18:16,7,7,SD Dinoyo 2,SMA 8,BT02,BT04,-7.94329,112.61047,-7.95658,112.61276,3.933333333333333,1.4913432233154422
10,2024-05-31 07:18:16,2024-05-31 07:24:57,7,7,SMA 8,MAN 2,BT04,BT05,-7.95658,112.61276,-7.96334,112.62548,6.683333333333334,1.5892632315739608
10,2024-05-31 07:24:57,2024-05-31 07:26:24,7,7,MAN 2,SMA Dempo,BT05,BT06,-7.96334,112.62548,-7.9725,112.6218,1.45,1.091282026742783
10,2024-05-31 07:26:24,2024-05-31 07:32:19,7,7,SMA Dempo,SMP 4,BT06,BT07,-7.9725,112.6218,-7.97693,112.6334,5.916666666666667,1.369535376459733
11,2024-02-01 16:31:06,2024-02-01 16:56:15,16,16,SMP 4,SMA Dempo,BT07,BT06,-7.97693,112.6334,-7.9725,112.6218,25.15,1.369535376459733
11,2024-02-01 16:56:15,2024-02-01 17:10:54,16,17,SMA Dempo,SD Dinoyo 2,BT06,BT02,-7.9725,112.6218,-7.94329,112.61047,14.65,3.463606191405264
11,2024-02-06 16:32:44,2024-02-06 16:42:04,16,16,SMP 4,SMA Dempo,BT07,BT06,-7.97693,112.6334,-7.9725,112.6218,9.333333333333334,1.369535376459733
11,2024-02-07 15:49:42,2024-02-07 15:52:45,15,15,MAN 2,SMA Dempo,BT05,BT06,-7.96334,112.62548,-7.9725,112.6218,3.05,1.091282026742783
11,2024-02-07 15:52:45,2024-02-07 16:07:32,15,16,SMA Dempo,SMP 4,BT06,BT07,-7.9725,112.6218,-7.97693,112.6334,14.783333333333333,1.369535376459733
11,2024-02-07 16:29:39,2024-02-07 16:35:56,16,16,SMP 4,SMA Dempo,BT07,BT06,-7.97693,112.6334,-7.9725,112.6218,6.283333333333333,1.369535376459733
11,2024-02-07 16:35:56,2024-02-07 17:00:17,16,17,SMA Dempo,SD Dinoyo 2,BT06,BT02,-7.9725,112.6218,-7.94329,112.61047,24.35,3.463606191405264
11,2024-02-07 17:00:17,2024-02-07 17:05:07,17,17,SD Dinoyo 2,SPBU Tlogomas,BT02,BT01,-7.94329,112.61047,-7.93324,112.60354,4.833333333333333,1.3487946268033537
11,2024-02-07 17:05:07,2024-02-07 17:19:34,17,17,SPBU Tlogomas,SD Dinoyo 2,BT01,BT02,-7.93324,112.60354,-7.94329,112.61047,14.45,1.3487946268033537
11,2024-02-12 16:32:21,2024-02-12 16:38:35,16,16,SMP 4,SMA Dempo,BT07,BT06,-7.97693,112.6334,-7.9725,112.6218,6.233333333333333,1.369535376459733
11,2024-02-12 16:38:35,2024-02-12 16:54:06,16,16,SMA Dempo,SMA 9,BT06,BT03,-7.9725,112.6218,-7.94979,112.61559,15.516666666666667,2.6032755477916196
11,2024-02-12 17:05:46,2024-02-12 17:08:05,17,17,SMA 9,SD Dinoyo 2,BT03,BT02,-7.94979,112.61559,-7.94329,112.61047,2.316666666666667,0.9140332362197978
11,2024-02-13 16:40:30,2024-02-13 16:56:24,16,16,SMA Dempo,SMA 9,BT06,BT03,-7.9725,112.6218,-7.94979,112.61559,15.9,2.6032755477916196
11,2024-02-13 17:04:32,2024-02-13 17:09:28,17,17,SMA 9,SD Dinoyo 2,BT03,BT02,-7.94979,112.61559,-7.94329,112.61047,4.933333333333334,0.9140332362197978
11,2024-02-15 16:40:03,2024-02-15 16:54:54,16,16,SMA Dempo,SMA 9,BT06,BT03,-7.9725,112.6218,-7.94979,112.61559,14.85,2.6032755477916196
11,2024-02-15 17:01:08,2024-02-15 17:04:13,17,17,SMA 9,SD Dinoyo 2,BT03,BT02,-7.94979,112.61559,-7.94329,112.61047,3.0833333333333335,0.9140332362197978
11,2024-02-16 16:28:50,2024-02-16 16:44:15,16,16,SMA Dempo,SMA 9,BT06,BT03,-7.9725,112.6218,-7.94979,112.61559,15.416666666666666,2.6032755477916196
11,2024-02-16 16:53:40,2024-02-16 16:56:42,16,16,SMA 9,SD Dinoyo 2,BT03,BT02,-7.94979,112.61559,-7.94329,112.61047,3.033333333333333,0.9140332362197978
11,2024-02-19 16:39:06,2024-02-19 16:55:46,16,16,SMA Dempo,SMA 9,BT06,BT03,-7.9725,112.6218,-7.94979,112.61559,16.666666666666668,2.6032755477916196
11,2024-02-19 17:12:04,2024-02-19 17:15:29,17,17,SMA 9,SD Dinoyo 2,BT03,BT02,-7.94979,112.61559,-7.94329,112.61047,3.4166666666666665,0.9140332362197978
11,2024-02-20 17:39:04,2024-02-20 17:44:55,17,17,SMA 9,SD Dinoyo 2,BT03,BT02,-7.94979,112.61559,-7.94329,112.61047,5.85,0.9140332362197978
11,2024-02-21 15:16:29,2024-02-21 15:20:10,15,15,SPBU Tlogomas,SD Dinoyo 2,BT01,BT02,-7.93324,112.60354,-7.94329,112.61047,3.683333333333333,1.3487946268033537
11,2024-02-21 15:20:10,2024-02-21 15:22:41,15,15,SD Dinoyo 2,SMA 9,BT02,BT03,-7.94329,112.61047,-7.94979,112.61559,2.5166666666666666,0.9140332362197978
11,2024-02-21 16:37:30,2024-02-21 16:53:07,16,16,SMA Dempo,SMA 9,BT06,BT03,-7.9725,112.6218,-7.94979,112.61559,15.616666666666667,2.6032755477916196
11,2024-02-22 16:40:50,2024-02-22 16:45:32,16,16,SMA Dempo,MAN 2,BT06,BT05,-7.9725,112.6218,-7.96334,112.62548,4.7,1.091282026742783
11,2024-02-22 17:36:58,2024-02-22 17:39:45,17,17,SMA 9,SD Dinoyo 2,BT03,BT02,-7.94979,112.61559,-7.94329,112.61047,2.783333333333333,0.9140332362197978
11,2024-02-23 16:23:17,2024-02-23 16:29:25,16,16,SMP 4,SMA Dempo,BT07,BT06,-7.97693,112.6334,-7.9725,112.6218,6.133333333333334,1.369535376459733
11,2024-02-23 16:29:25,2024-02-23 16:50:27,16,16,SMA Dempo,SMA 9,BT06,BT03,-7.9725,112.6218,-7.94979,112.61559,21.033333333333335,2.6032755477916196
11,2024-02-23 17:05:59,2024-02-23 17:10:55,17,17,SMA 9,SD Dinoyo 2,BT03,BT02,-7.94979,112.61559,-7.94329,112.61047,4.933333333333334,0.9140332362197978
11,2024-02-26 16:38:59,2024-02-26 16:57:35,16,16,SMA Dempo,SMA 9,BT06,BT03,-7.9725,112.6218,-7.94979,112.61559,18.6,2.6032755477916196
11,2024-02-26 17:10:57,2024-02-26 17:16:50,17,17,SMA 9,SD Dinoyo 2,BT03,BT02,-7.94979,112.61559,-7.94329,112.61047,5.883333333333334,0.9140332362197978
11,2024-02-26 17:16:50,2024-02-26 17:25:46,17,17,SD Dinoyo 2,SPBU Tlogomas,BT02,BT01,-7.94329,112.61047,-7.93324,112.60354,8.933333333333334,1.3487946268033537
11,2024-02-27 16:40:20,2024-02-27 16:58:44,16,16,SMA Dempo,SMA 9,BT06,BT03,-7.9725,112.6218,-7.94979,112.61559,18.4,2.6032755477916196
11,2024-02-27 17:14:05,2024-02-27 17:20:11,17,17,SMA 9,SD Dinoyo 2,BT03,BT02,-7.94979,112.61559,-7.94329,112.61047,6.1,0.9140332362197978
11,2024-02-28 16:42:07,2024-02-28 17:01:14,16,17,SMA Dempo,SMA 9,BT06,BT03,-7.9725,112.6218,-7.94979,112.61559,19.116666666666667,2.6032755477916196
11,2024-02-28 17:16:15,2024-02-28 17:22:17,17,17,SMA 9,SD Dinoyo 2,BT03,BT02,-7.94979,112.61559,-7.94329,112.61047,6.033333333333333,0.9140332362197978
11,2024-02-29 17:12:19,2024-02-29 17:19:24,17,17,SMA 9,SD Dinoyo 2,BT03,BT02,-7.94979,112.61559,-7.94329,112.61047,7.083333333333333,0.9140332362197978
11,2024-03-01 16:40:31,2024-03-01 16:57:34,16,16,SMA Dempo,SMA 9,BT06,BT03,-7.9725,112.6218,-7.94979,112.61559,17.05,2.6032755477916196
11,2024-03-01 16:57:34,2024-03-01 17:00:25,16,17,SMA 9,SD Dinoyo 2,BT03,BT02,-7.94979,112.61559,-7.94329,112.61047,2.85,0.9140332362197978
11,2024-03-04 16:40:45,2024-03-04 17:06:24,16,17,SMA Dempo,SMA 9,BT06,BT03,-7.9725,112.6218,-7.94979,112.61559,25.65,2.6032755477916196
11,2024-03-04 17:30:00,2024-03-04 17:36:28,17,17,SMA 9,SD Dinoyo 2,BT03,BT02,-7.94979,112.61559,-7.94329,112.61047,6.466666666666667,0.9140332362197978
11,2024-03-05 16:37:00,2024-03-05 16:57:52,16,16,SMA Dempo,SMA 9,BT06,BT03,-7.9725,112.6218,-7.94979,112.61559,20.866666666666667,2.6032755477916196
11,2024-03-05 17:16:01,2024-03-05 17:21:25,17,17,SMA 9,SD Dinoyo 2,BT03,BT02,-7.94979,112.61559,-7.94329,112.61047,5.4,0.9140332362197978
11,2024-03-06 16:42:12,2024-03-06 17:01:40,16,17,SMA Dempo,SMA 9,BT06,BT03,-7.9725,112.6218,-7.94979,112.61559,19.466666666666665,2.6032755477916196
11,2024-03-06 17:18:30,2024-03-06 17:28:56,17,17,SMA 9,SD Dinoyo 2,BT03,BT02,-7.94979,112.61559,-7.94329,112.61047,10.433333333333334,0.9140332362197978
11,2024-03-07 16:44:53,2024-03-07 17:02:37,16,17,SMA Dempo,SMA 9,BT06,BT03,-7.9725,112.6218,-7.94979,112.61559,17.733333333333334,2.6032755477916196
11,2024-03-07 17:02:37,2024-03-07 17:06:27,17,17,SMA 9,SD Dinoyo 2,BT03,BT02,-7.94979,112.61559,-7.94329,112.61047,3.8333333333333335,0.9140332362197978
11,2024-03-08 16:20:12,2024-03-08 16:46:12,16,16,SMA Dempo,SMA 9,BT06,BT03,-7.9725,112.6218,-7.94979,112.61559,26.0,2.6032755477916196
11,2024-03-08 16:46:12,2024-03-08 16:51:46,16,16,SMA 9,SD Dinoyo 2,BT03,BT02,-7.94979,112.61559,-7.94329,112.61047,5.566666666666666,0.9140332362197978
11,2024-03-14 15:17:37,2024-03-14 15:30:46,15,15,SMA Dempo,SMA 9,BT06,BT03,-7.9725,112.6218,-7.94979,112.61559,13.15,2.6032755477916196
11,2024-03-14 15:30:46,2024-03-14 15:38:39,15,15,SMA 9,SD Dinoyo 2,BT03,BT02,-7.94979,112.61559,-7.94329,112.61047,7.883333333333334,0.9140332362197978
11,2024-03-19 15:02:51,2024-03-19 15:14:33,15,15,SMA Dempo,SMA 9,BT06,BT03,-7.9725,112.6218,-7.94979,112.61559,11.7,2.6032755477916196
11,2024-03-19 15:14:33,2024-03-19 15:17:08,15,15,SMA 9,SD Dinoyo 2,BT03,BT02,-7.94979,112.61559,-7.94329,112.61047,2.5833333333333335,0.9140332362197978
11,2024-03-20 15:06:28,2024-03-20 15:18:17,15,15,SMA Dempo,SMA 9,BT06,BT03,-7.9725,112.6218,-7.94979,112.61559,11.816666666666666,2.6032755477916196
11,2024-03-20 15:18:17,2024-03-20 15:20:31,15,15,SMA 9,SD Dinoyo 2,BT03,BT02,-7.94979,112.61559,-7.94329,112.61047,2.2333333333333334,0.9140332362197978
11,2024-03-21 15:17:21,2024-03-21 15:33:34,15,15,SMA Dempo,SMA 9,BT06,BT03,-7.9725,112.6218,-7.94979,112.61559,16.216666666666665,2.6032755477916196
11,2024-03-21 15:33:34,2024-03-21 15:36:19,15,15,SMA 9,SD Dinoyo 2,BT03,BT02,-7.94979,112.61559,-7.94329,112.61047,2.75,0.9140332362197978
11,2024-03-25 15:00:09,2024-03-25 15:17:21,15,15,SMA Dempo,SMA 9,BT06,BT03,-7.9725,112.6218,-7.94979,112.61559,17.2,2.6032755477916196
11,2024-03-25 15:17:21,2024-03-25 15:21:17,15,15,SMA 9,SD Dinoyo 2,BT03,BT02,-7.94979,112.61559,-7.94329,112.61047,3.933333333333333,0.9140332362197978
11,2024-03-27 15:09:10,2024-03-27 15:24:59,15,15,SMA Dempo,SMA 9,BT06,BT03,-7.9725,112.6218,-7.94979,112.61559,15.816666666666666,2.6032755477916196
11,2024-03-27 15:24:59,2024-03-27 15:28:37,15,15,SMA 9,SD Dinoyo 2,BT03,BT02,-7.94979,112.61559,-7.94329,112.61047,3.6333333333333333,0.9140332362197978
11,2024-04-04 15:22:13,2024-04-04 15:25:50,15,15,SMA 9,SD Dinoyo 2,BT03,BT02,-7.94979,112.61559,-7.94329,112.61047,3.6166666666666667,0.9140332362197978
11,2024-04-22 16:09:22,2024-04-22 16:30:44,16,16,SMA Dempo,SMA 9,BT06,BT03,-7.9725,112.6218,-7.94979,112.61559,21.366666666666667,2.6032755477916196
11,2024-04-22 16:30:44,2024-04-22 16:33:34,16,16,SMA 9,SD Dinoyo 2,BT03,BT02,-7.94979,112.61559,-7.94329,112.61047,2.8333333333333335,0.9140332362197978
11,2024-04-23 16:27:50,2024-04-23 16:48:23,16,16,SMA Dempo,SMA 9,BT06,BT03,-7.9725,112.6218,-7.94979,112.61559,20.55,2.6032755477916196
11,2024-04-23 17:01:30,2024-04-23 17:06:15,17,17,SMA 9,SD Dinoyo 2,BT03,BT02,-7.94979,112.61559,-7.94329,112.61047,4.75,0.9140332362197978
11,2024-04-24 17:22:56,2024-04-24 17:27:44,17,17,SMA 9,SD Dinoyo 2,BT03,BT02,-7.94979,112.61559,-7.94329,112.61047,4.8,0.9140332362197978
11,2024-04-25 16:33:10,2024-04-25 16:48:03,16,16,SMA Dempo,SMA 9,BT06,BT03,-7.9725,112.6218,-7.94979,112.61559,14.883333333333333,2.6032755477916196
11,2024-04-25 16:48:03,2024-04-25 16:50:07,16,16,SMA 9,SD Dinoyo 2,BT03,BT02,-7.94979,112.61559,-7.94329,112.61047,2.066666666666667,0.9140332362197978
11,2024-04-26 15:35:57,2024-04-26 15:51:05,15,15,SMA Dempo,SMA 9,BT06,BT03,-7.9725,112.6218,-7.94979,112.61559,15.133333333333333,2.6032755477916196
11,2024-04-26 15:51:05,2024-04-26 15:56:44,15,15,SMA 9,SD Dinoyo 2,BT03,BT02,-7.94979,112.61559,-7.94329,112.61047,5.65,0.9140332362197978
11,2024-04-29 16:32:47,2024-04-29 16:51:18,16,16,SMA Dempo,SMA 9,BT06,BT03,-7.9725,112.6218,-7.94979,112.61559,18.516666666666666,2.6032755477916196
11,2024-04-29 17:00:52,2024-04-29 17:04:27,17,17,SMA 9,SD Dinoyo 2,BT03,BT02,-7.94979,112.61559,-7.94329,112.61047,3.5833333333333335,0.9140332362197978
11,2024-04-30 16:32:46,2024-04-30 16:46:14,16,16,SMA Dempo,SMA 9,BT06,BT03,-7.9725,112.6218,-7.94979,112.61559,13.466666666666667,2.6032755477916196
11,2024-04-30 16:46:14,2024-04-30 16:49:57,16,16,SMA 9,SD Dinoyo 2,BT03,BT02,-7.94979,112.61559,-7.94329,112.61047,3.716666666666667,0.9140332362197978
11,2024-05-01 16:26:13,2024-05-01 16:39:03,16,16,SPBU Tlogomas,SD Dinoyo 2,BT01,BT02,-7.93324,112.60354,-7.94329,112.61047,12.833333333333334,1.3487946268033537
11,2024-05-01 16:39:03,2024-05-01 17:04:40,16,17,SD Dinoyo 2,SMA Dempo,BT02,BT06,-7.94329,112.61047,-7.9725,112.6218,25.616666666666667,3.463606191405264
11,2024-05-02 16:42:10,2024-05-02 17:00:01,16,17,SMA Dempo,SMA 9,BT06,BT03,-7.9725,112.6218,-7.94979,112.61559,17.85,2.6032755477916196
11,2024-05-02 17:00:01,2024-05-02 17:06:09,17,17,SMA 9,SD Dinoyo 2,BT03,BT02,-7.94979,112.61559,-7.94329,112.61047,6.133333333333334,0.9140332362197978
11,2024-05-03 15:47:41,2024-05-03 15:59:00,15,15,SMA Dempo,SMA 9,BT06,BT03,-7.9725,112.6218,-7.94979,112.61559,11.316666666666666,2.6032755477916196
11,2024-05-03 15:59:00,2024-05-03 16:03:00,15,16,SMA 9,SD Dinoyo 2,BT03,BT02,-7.94979,112.61559,-7.94329,112.61047,4.0,0.9140332362197978
11,2024-05-06 16:38:40,2024-05-06 16:54:44,16,16,SMA Dempo,SMA 9,BT06,BT03,-7.9725,112.6218,-7.94979,112.61559,16.066666666666666,2.6032755477916196
11,2024-05-06 17:04:33,2024-05-06 17:11:06,17,17,SMA 9,SD Dinoyo 2,BT03,BT02,-7.94979,112.61559,-7.94329,112.61047,6.55,0.9140332362197978
11,2024-05-08 16:11:15,2024-05-08 16:27:14,16,16,SMA Dempo,SMA 9,BT06,BT03,-7.9725,112.6218,-7.94979,112.61559,15.983333333333333,2.6032755477916196
11,2024-05-08 16:27:14,2024-05-08 16:31:57,16,16,SMA 9,SD Dinoyo 2,BT03,BT02,-7.94979,112.61559,-7.94329,112.61047,4.716666666666667,0.9140332362197978
11,2024-05-08 16:31:57,2024-05-08 16:38:05,16,16,SD Dinoyo 2,SPBU Tlogomas,BT02,BT01,-7.94329,112.61047,-7.93324,112.60354,6.133333333333334,1.3487946268033537
11,2024-05-13 16:26:56,2024-05-13 16:40:58,16,16,SMA Dempo,SMA 9,BT06,BT03,-7.9725,112.6218,-7.94979,112.61559,14.033333333333333,2.6032755477916196
11,2024-05-13 16:55:28,2024-05-13 17:00:23,16,17,SMA 9,SD Dinoyo 2,BT03,BT02,-7.94979,112.61559,-7.94329,112.61047,4.916666666666667,0.9140332362197978
11,2024-05-14 16:29:22,2024-05-14 16:46:23,16,16,SMA Dempo,SMA 9,BT06,BT03,-7.9725,112.6218,-7.94979,112.61559,17.016666666666666,2.6032755477916196
11,2024-05-14 16:55:50,2024-05-14 17:00:01,16,17,SMA 9,SD Dinoyo 2,BT03,BT02,-7.94979,112.61559,-7.94329,112.61047,4.183333333333334,0.9140332362197978
11,2024-05-15 16:32:36,2024-05-15 16:53:37,16,16,SMA Dempo,SMA 9,BT06,BT03,-7.9725,112.6218,-7.94979,112.61559,21.016666666666666,2.6032755477916196
11,2024-05-15 16:53:37,2024-05-15 16:58:23,16,16,SMA 9,SD Dinoyo 2,BT03,BT02,-7.94979,112.61559,-7.94329,112.61047,4.766666666666667,0.9140332362197978
11,2024-05-15 16:58:23,2024-05-15 17:05:02,16,17,SD Dinoyo 2,SPBU Tlogomas,BT02,BT01,-7.94329,112.61047,-7.93324,112.60354,6.65,1.3487946268033537
11,2024-05-16 16:34:41,2024-05-16 16:49:40,16,16,SMA Dempo,SMA 9,BT06,BT03,-7.9725,112.6218,-7.94979,112.61559,14.983333333333333,2.6032755477916196
11,2024-05-16 16:49:40,2024-05-16 16:53:31,16,16,SMA 9,SD Dinoyo 2,BT03,BT02,-7.94979,112.61559,-7.94329,112.61047,3.85,0.9140332362197978
11,2024-05-17 15:38:28,2024-05-17 15:54:07,15,15,SMA Dempo,SMA 9,BT06,BT03,-7.9725,112.6218,-7.94979,112.61559,15.65,2.6032755477916196
11,2024-05-17 15:54:07,2024-05-17 15:56:41,15,15,SMA 9,SD Dinoyo 2,BT03,BT02,-7.94979,112.61559,-7.94329,112.61047,2.566666666666667,0.9140332362197978
11,2024-05-20 16:22:05,2024-05-20 16:36:27,16,16,SMA Dempo,SMA 9,BT06,BT03,-7.9725,112.6218,-7.94979,112.61559,14.366666666666667,2.6032755477916196
11,2024-05-20 16:36:27,2024-05-20 16:39:46,16,16,SMA 9,SD Dinoyo 2,BT03,BT02,-7.94979,112.61559,-7.94329,112.61047,3.316666666666667,0.9140332362197978
11,2024-05-21 16:37:44,2024-05-21 16:53:20,16,16,SMA Dempo,SMA 9,BT06,BT03,-7.9725,112.6218,-7.94979,112.61559,15.6,2.6032755477916196
11,2024-05-21 17:04:03,2024-05-21 17:11:51,17,17,SMA 9,SD Dinoyo 2,BT03,BT02,-7.94979,112.61559,-7.94329,112.61047,7.8,0.9140332362197978
11,2024-05-22 16:32:45,2024-05-22 16:49:59,16,16,SMA Dempo,SMA 9,BT06,BT03,-7.9725,112.6218,-7.94979,112.61559,17.233333333333334,2.6032755477916196
11,2024-05-22 16:49:59,2024-05-22 16:57:12,16,16,SMA 9,SD Dinoyo 2,BT03,BT02,-7.94979,112.61559,-7.94329,112.61047,7.216666666666667,0.9140332362197978
11,2024-05-27 16:26:11,2024-05-27 16:49:08,16,16,SMA Dempo,SMA 9,BT06,BT03,-7.9725,112.6218,-7.94979,112.61559,22.95,2.6032755477916196
11,2024-05-27 16:49:08,2024-05-27 16:53:48,16,16,SMA 9,SD Dinoyo 2,BT03,BT02,-7.94979,112.61559,-7.94329,112.61047,4.666666666666667,0.9140332362197978
11,2024-05-28 16:49:47,2024-05-28 16:52:31,16,16,SMA 9,SD Dinoyo 2,BT03,BT02,-7.94979,112.61559,-7.94329,112.61047,2.7333333333333334,0.9140332362197978
